sid,trail_name,trail_img,trail_describ,trail_short_describ,trail_timetable,trail_time,geo_location_sid,geo_location_town_sid,difficulty_list_sid,coupon_status,price,memo,equipment,trails_display,trail_length,trail_height,trail_gpx
101,合歡北峰步道,101-1.jpg,"合歡北峰（又稱北合歡山）位於太魯閣國家公園西界，海拔3422公尺，為合歡山群最高峰，十崇之一，台灣百岳排名第32。
 
 由小風口附近的登山口沿稜線上行的一公里坡度稍陡，每年五到六月紅毛杜鵑盛開的季節，這裡也是最佳的賞花地點，還有連綿的箭竹草坡有如阿爾卑斯山的草原直達天際。接近山頂的稜線上，豎立了一座巨型的反射板，是合歡北峰最明顯的標誌，之後視野愈來愈開闊，有時可以欣賞到在山谷翻滾的雲海。山頂更是展望絕佳，玉山、雪山、合歡群峰、奇萊和南湖等遠近群山都可盡收眼底，天氣晴朗時很適合在此欣賞日出與日落。
 
 除了西峰之外，合歡北峰和其他合歡群峰皆屬於台灣最容易親近的高山，不少人都是由此開啟了百岳健行之路，進階者還可以挑戰由北峰下天巒池或連走西峰（原路往返或下華崗）等路線，是一條可長可短、交通便利的郊山化百岳。",合歡北峰（又稱北合歡山）位於太魯閣國家公園西界，海拔3422公尺，為合歡山群最高峰，十崇之一，台灣百岳排名第32。,"台14甲線36.7公里處→（1.3K, 80分鐘）→反射板→（0.5K, 20分鐘）→天巒池叉路口→（0.2K, 7分鐘）→合歡北峰→（0.2K, 3分鐘）→天巒池叉路口→（0.5K, 20分鐘）→反射板→（1.3K, 50分鐘）→台14甲線36.7公里處",3,南投縣,仁愛鄉,1,0,500,"1.爬合歡北峰或西峰需向警察機關辦理入山證，可利用網路或親自至太魯閣國家公園警察隊合歡小隊辦理。
 
 2.從合歡北峰續行至合歡西峰路程遙遠，步行時間（輕裝往返北峰與西峰）需再增加五小時以上，若無充足的體力和裝備，請勿冒然前往。
 
 3.合歡北峰沿途缺乏樹蔭遮蔽，在晴朗炙熱的天氣，要特別注意防曬；山區下午容易起霧，建議選擇上午或天氣晴朗時攀登，以免迷路。",,,2公里,3422公尺,合歡北峰步道.gpx
102,溪頭觀景步道,102-1.jpg,"溪頭就像中部人的後花園，不論天氣熱、天氣冷，想親近大自然的時候，跳上車往溪頭奔去就對了。
 
 進入園區，除了熱門的大學池與空中走廊，別忘了也到附近的觀景步道活動筋骨，此步道全程用碎石子與木屑鋪設而成，坡度平緩，舒適又好走。
 
 既名為觀景步道，當然是相當有看頭，沿途除了觀賞排排站立的柳杉與楓樹林外，也可以眺望平坦翠綠的苗圃。靜心稍候，將會發現各種鳥兒、松鼠在身旁快樂地活動，走在雲霧繚繞的樹林間，彷彿我們也是森林裡的一份子。",溪頭就像中部人的後花園，不論天氣熱、天氣冷，想親近大自然的時候，跳上車往溪頭奔去就對了。,草坪區露天音樂會場→(12分鐘)→涼亭→(8分鐘)→大學池,0.33,南投縣,鹿谷鄉,1,1,500,"1.步道位於溪頭自然教育園區內，進入園區須購買門票。
 2.此區經常飄雨，請攜帶雨具。
 3.請勿隨意丟棄垃圾、餵食野生動物或摘取植物。",,,1.1公里,1233公尺,溪頭觀景步道.gpx
103,品田山單日往返,103-1.jpg,"坐落於武陵農場北方、屬於雪山東北稜脈的品田山（3524公尺）、池有山（3303公尺）、桃山（3325公尺）與喀拉業山（3133公尺），在岳界被合稱為「武陵四秀」。
 
 攀登這四座各具特色的山頭，須從武陵山莊起登，其中又分為兩條路線：池有山步道與桃山步道，若擇一條上山而另一條下山，標準行程需時三天。而登山經驗豐富、對路況熟悉且體能過人之山友，則可挑戰由池有山步道經前往品田山，並於當日返回武陵山莊。
 
 品田山是武陵四秀之最高峰，為台灣百岳名山的「十峻」之一，山頂有著以險峻聞名於岳界的「品田斷崖」，向西北可眺望桃園都會區，往東則可俯瞰蘭陽平原，甚至在天氣晴朗時有機會看見海上的龜山島。
 
 注意：由於行進時間極長，會有摸黑時段，請務必備妥頭燈及保暖衣物等裝備，此外，若上午 10:00 前未抵達新達山屋則建議原路撤退。",坐落於武陵農場北方、屬於雪山東北稜脈的品田山（3524公尺）、池有山（3303公尺）、桃山（3325公尺）與喀拉業山（3133公尺），在岳界被合稱為「武陵四秀」。,武陵山莊→（3.5K，70分鐘）→池有山登山口→（3.5K，420分鐘）→三岔營地→（0.5K，60分鐘）→新達山屋→（1.6K，120分鐘）→品田山→（1.6K，80分鐘）→新達山屋→（1.5K，65分鐘）→三岔營地→（3.5K，300分鐘）→池有山登山口→（3.5K，55分鐘）→武陵山莊,19.5,臺中市,和平區,3,0,2150,"1. 品田山單攻為高難度路線，海拔落差極大且路線距離長，非常考驗體能與腿力，若非經驗豐富且對路況熟悉之山友請勿貿然嘗試。
 
 2. 由於行進時間極長，會有摸黑時段，請務必備妥頭燈及保暖衣物等裝備，此外，若上午 10:00 前未抵達新達山屋則建議原路撤退。
 
 3. 本路線位於國家公園內，需在預定入園日期前5日至前2個月於網路上申請入園證。
 
 4. 品田山登頂前有一座品田前峰斷崖(V斷)，攀登時需須注意安全，雪季時若無經過訓練不宜攀登。
 
 5. 本網頁登載之行進時間為上河地圖所建議，實際上依個人能力可能差異甚大，可參照自己過去攀登相同路線之行進時間進行估算。
 
 6. 可由距離三岔營地 100 公尺處順登池有山，來回共 400 公尺，需時約 35 分鐘。",,,10.1公里,3524公尺,品田山單攻.gpx
104,鳶嘴稍來山國家步道,104-1.jpg,"鳶嘴稍來國家步道為中部地區中海拔熱門登山路線，鳶嘴山、稍來山，是可以分開走的兩條步道，其中鳶嘴山以險峻危崖出名，而稍來山以秋天滿佈的台灣紅榨槭為名，兩山連走沿途峭壁綿延、景觀秀麗。
 
 船形山、鞍馬山位於大雪山森林遊樂區內，雪山山脈中末段稜脊，由稍來小雪山國家步道串連，從35.2k收票亭附近登山口起登，至49k小雪山遊客服務中心停車場，本路段長約10公里。",鳶嘴稍來國家步道為中部地區中海拔熱門登山路線，鳶嘴山、稍來山，是可以分開走的兩條步道，其中鳶嘴山以險峻危崖出名，而稍來山以秋天滿佈的台灣紅榨槭為名，兩山連走沿途峭壁綿延、景觀秀麗。,"鳶嘴山登山口/大雪山林道27K→(1.2K, 80分鐘)→鳶嘴山→(2.0K, 130分鐘)→稍來山→(2.0K, 50分鐘)→大雪山林道35.1K收費站→(2.5K, 70分鐘)→船形山→(3.7K, 120分鐘)→瞭望台→(1.8K, 50分鐘)→鞍馬山→(2.0K, 40分鐘)→小雪山遊客服務中心停車場",9,臺中市,和平區,2,1,1100,"1.大雪山森林遊樂區園區資訊如下
 開放時間：上午6:30～下午5:00
 門票：全票(假日)200元、一般優待票(平日)150元、半票100元(軍警、學生等)、優待票10元(65歲以上、3~6歲兒童等)、免費(殘障、0~2歲兒童、志工等)。
 停車費：汽車100元、機車20元。
 2. 鳶嘴山陡峭，須攀岩，走起來驚險萬分，懼高症者請自行評估是否可行。
 3.鞍馬山基石在軍營內，請勿擅自闖進入內。",,,15.2公里,2600公尺,鳶嘴稍來.gpx
105,玉山主峰步道,105-1.jpg,"玉山主峰位於台灣的中心位置，海拔3952公尺，為台灣群山之首，百岳排名第一，也是東北亞的最高峰。主峰四周有東、南、西、北峰環繞，外圍還有前峰、小南山、南玉山、東小南山、鹿山與北北峰遙相呼應，宛如眾星拱月般，襯托出主峰的王者之尊，壯偉雄奇的山容、絕佳的展望和絢麗的日出景觀，吸引了無數的中外登山客前來攀登，近年來更成為台灣人一生必須完成的三件事之一。
 
 登山路線主要有二條：東側的「八通關線」由東埔入山，因落差較大和部份路段坍塌，利用者較少。而西側的「塔塔加鞍部線」有完善的步道、指標和安全設施，通常兩天一夜或兩夜即可完成，途中會經過玉山前峰的登山口，輕裝往返約需兩小時，而西峰距離排雲山莊約2.2公里，上有日人留存的山神祠，來回約150分鐘，若時間和體力充裕，還可順登這兩座高山百岳。
 
 排雲山莊自102年整建完成後，增加為92個床位，並提供睡袋租賃及餐飲等服務，讓民眾可以更輕鬆的方式親近高山，登上台灣的最高峰不再是遙不可及的夢想。",玉山主峰位於台灣的中心位置，海拔3952公尺，為台灣群山之首，百岳排名第一，也是東北亞的最高峰。,"塔塔加鞍部登山口→（1.7K, 50分鐘）→孟祿亭→（1K, 35分鐘）→前峰登山口→（2.8K, 55分鐘）→西峰下觀景台→（1.2K, 60分鐘）→大峭壁→（1.8K, 50分鐘）→排雲山莊→（0.7K, 45分鐘）→主南岔路→（1.5K, 90分鐘）→主北岔路→（0.2K, 25分鐘）→玉山主峰→（2.4K, 100分鐘）→排雲山莊→（3K, 70分鐘）→西峰下觀景台→（3.8K, 65分鐘）→孟祿亭→（1.7K, 35分鐘）→塔塔加鞍部登山口",48,南投縣,信義鄉,2,0,5000,"1.排雲山莊床位有限，必須在「一個月前3日～一個月前」至玉山國家公園網站參與抽籤和入園許可，前兩者通過後再申請入山證。進入本區前，應先向塔塔加警察小隊報到，查驗名冊後始可進入。
 2.玉山主峰風口為碎石坡，坡陡且風勢大，冬季常有積雪，若無雪攀裝備請勿攀登。
 3.「八通關線」是從東埔經八通關古道，夜宿觀高或荖濃溪營地，再由主北峰山麓直攻玉山主峰；也有登山者循「塔塔加鞍部線」登上玉山主峰，再走「八通關線」出東埔下山，通常需要三天二夜才能順利完成；本路段受颱風和地震影響常有坍塌而封閉，行前應向玉管處查詢。",,,10.9公里,3952公尺,玉山主峰步道.gpx
106,奧萬大國家森林遊樂區步道群,106-1.jpg,奧萬大國家森林遊樂區位於中海拔，為一高山河谷地形，多處的臺地是遊樂區的特色地形。氣候冬暖夏涼、舒適宜人，冬楓、春櫻、夏瀑及秋月四季更迭，尤其擁有全台面積最大的天然楓香純林，素有「楓葉的故鄉」美譽。園區內共規劃多條步道，各有特色。,奧萬大國家森林遊樂區位於中海拔，為一高山河谷地形，多處的臺地是遊樂區的特色地形。,"遊客中心→櫻花園步道(0.51K, 15分鐘)→好漢坡步道(0.27K, 10分鐘)→森林公園步道(1.85K, 60分鐘)→賞鳥平台→第一平台步道(0.55K, 15分鐘)→賞鳥步道(0.4K, 10分鐘)→森林公園步道(0.63K, 20分鐘)→楓林步道(0.76K, 20分鐘)→木階梯(0.12K, 5分鐘)→遊客中心→(0.5K, 15分鐘)→調整池→瀑步區步道(0.55K, 15分鐘)→雙瀑觀賞平台→(1K, 30分鐘)→遊客中心",6,南投縣,仁愛鄉,1,1,800,"1. 奧萬大以楓紅聞名，賞楓可從楓林步道走到俯瞰楓香純林的賞鳥平台。楓香純林區因颱風改變河川流徑而封閉，仍可由賞鳥平台或流量管制的奧萬大吊橋欣賞美景。
 
 2. 遊樂區開放時間為8:00~17:00，平日全票150元、假日200元，小型車停車費100元。
 
 3. 園區各步道依季節展現不同風情：瀑布區步道0.55公里、林間步道0.75公里、櫻花園步道0.51公里、好漢坡步道0.27公里、楓林步道1.16公里、賞鳥步道0.4公里、森林公園步道1.4公里、第一平台步道0.55公里、松林區環狀步道0.55公里，共約5.94公里。",,,7公里,2600公尺,
107,大坑4號步道,107-1.jpg,"大坑風景區內共有12條步道，其中1～5號及5-1號共6條步道與頭嵙山相接，整條山稜及支稜皆用相思圓木舖設木棧道並架設扶手，綿延而成著名的「萬里長城」，是全台罕見的特殊步道景觀。
 
 而其中最具挑戰的大坑4號步道，坡度落差頗大，其中一段長約300公尺的垂直陡坡，被稱為「軟腳坡」。踩著圓木步道登上稜線，不僅考驗著登山客的體力、平衡感、還有協調性，4號步道終點即抵達頭嵙山三角點，山頂極佳的視野，可俯瞰台中市區、太平區、新社區、東勢區一帶，秀麗風光是最好的報酬。",大坑風景區內共有12條步道，其中1～5號及5-1號共6條步道與頭嵙山相接，整條山稜及支稜皆用相思圓木舖設木棧道並架設扶手，綿延而成著名的「萬里長城」，是全台罕見的特殊步道景觀。,"中正露營區停車場→(0.9K, 20分鐘)→登山口→(0.4K, 30分鐘)→沁心亭→(0.6K, 45分鐘)→望幽亭→(0.3K, 15分鐘)→清涼亭→(0.6K, 30分鐘)→頭嵙山三角點→原路折返→(0.6K, 20分鐘)→清涼亭→(0.3K, 10分鐘)→望幽亭→(0.6K, 30分鐘)→沁心亭→(0.4K, 20分鐘)→登山口→(0.9K, 20分鐘)→中正露營區停車場",2.67,臺中市,北屯區,1,0,500,"1.大坑4號步道落差頗大具挑戰性，老年、幼童、高血壓患者、懼高症者請自行評估。
 2.行走陡峭的圓木棧道時，建議穿登山鞋、避免穿皮鞋、高跟鞋、平底鞋、涼鞋，以免腳部受傷。女生則避免穿著裙子，以免行動不便，造成困擾。
 3.大坑地區常有小黑蚊出沒，宜穿著長袖長褲，並噴防蚊液防範。
 4.步道常有獼猴出沒，請勿靠近、騷擾、逗弄、挑釁、餵食、食物不外露，快速通過即可。",,,1.9公里,850公尺,大坑4號步道.gpx
108,大坑9、10號步道,108-1.jpg,"大坑風景區位於台中北屯區的郊區，交通便捷，是台中市重要的自然觀光景點，素來有「台中後花園」、「台中陽明山」的美譽。風景區內規劃了1~10號登山步道，難易程度各有不同。9、10號步道為近年來才新建的步道，可經由大坑地震公園進入登山口。
 
 9號步道長約1.5公里，2005年啟用，係由軍方彈藥庫旁之產業道路開闢而成，步道兩旁大多為果園，視野遼闊，可遠眺小百岳南觀音山及三汀山、大里溪景觀與十一期重劃區，適合親子同遊。10號步道長約1.2公里，2008年啟用，林相比9號步道更原始，路線也較為陡峭，但已修築了木棧道及枕木，方便民眾健行。由於9、10號步道平易近人、停車方便，每到假日，登山口周邊便擠滿攤販，賣小吃、衣服、鞋子等，成了熱鬧市集。",大坑風景區位於台中北屯區的郊區，交通便捷，是台中市重要的自然觀光景點，素來有「台中後花園」、「台中陽明山」的美譽。風景區內規劃了1~10號登山步道，難易程度各有不同。9、10號步道為近年來才新建的步道，可經由大坑地震公園進入登山口。,"大坑地震公園登山口→(1.2K, 25分鐘)→木棧道（9號步道）→(0.3K, 10分鐘)→往6號步道觀音亭叉路（9號、10號步道終點）→(0.3K, 5分鐘)→休憩區（10號步道）→(0.7K, 20分鐘)→涼亭（10號步道）→(0.2K, 5分鐘)→大坑地震公園登山口",1.08,臺中市,北屯區,1,1,500,9號及10號步道終點叉路，可通往6號步道的觀音亭及風動石公園，若可解決交通接駁，亦可選擇與6~8號步道連走。,,,2.7公里,320公尺,大坑9、10號步道.gpx
109,八唐縱走,109-1.jpg,"從谷關七雄之首「八仙山」，連走到七雄老么「唐麻丹山」，稱為「八唐縱走」，是谷關七雄裡最精典、最具挑戰性的路線。
 
 八仙山位於十文溪與佳保溪匯流其間，為日據時期三大林場之一。傳統登山口附近因自然生態資源豐富，已闢為國家森林遊樂區，保留有早年的林業人文歷史風情。
 
 八仙山可從松鶴部落及傳統的森林遊樂區登山口二地攀登，而唐麻丹山，也可從松鶴部落或傳統的谷野會館(裡冷部落)登山口起登。幾年前，有山友開發以松鶴部落為中心的八唐縱走O形新路線，可免去八仙山森林遊樂區的接駁與門票費用。全程約15.4K，落差約1800公尺，極具挑戰性，很快就躍身為中部地區，最受歡迎的中級山縱走行程！",從谷關七雄之首「八仙山」，連走到七雄老么「唐麻丹山」，稱為「八唐縱走」，是谷關七雄裡最精典、最具挑戰性的路線。,"松鶴登山口→(0.6k, 30分鐘)→第一電塔→(0.4k, 40分鐘)→第二電塔→(2.1k, 100分鐘)→3.1K岔路口→(0.4k, 40分鐘)→3.5K第二涼亭→(2k, 80分鐘)→流籠頭→(0.5k, 15分鐘)→八仙山主峰→(1.4k, 55分鐘)→2176峰→(1k, 50分鐘)→鞍部空地→(0.9k, 55分鐘)→1843峰→(3.1k, 105分鐘)→唐麻丹山→(1.2k, 35分鐘)→往蝴蝶谷叉路口→(0.8k, 20分鐘)→左右線叉路口→(1k, 30分鐘)→松鶴登山口",10.92,台中市,和平區,2,0,1290,"1. 回程可順遊蝴蝶谷瀑布，於步道3.5公里處轉蝴蝶谷步道，單程2公里，原路往返，來回需約1.5小時。建議可先登頂後至此岔路口，再下行至瀑布，以免因一路爬坡導致體力不堪負荷。
 
 2. 登山前可於八仙山國家森林遊樂區過夜，隔天一早出發，或登山後於八仙山國家森林遊樂區過夜，泡溫泉消除疲勞。
 
 3. 因此路線登山口眾多，建議行前可多閱讀前人記錄做足準備，避免迷途或多走冤枉路。
 
 4.谷關山區登山需申請入山證。波津加、馬崙山、唐麻丹…等，雖未列入顯示在系統中，仍需申請【台中市和平區各里】辦事入山證事宜，以免受罰！",,,15.4公里,2366公尺,谷關七雄之八唐縱走.gpx
110,東卯山步道,110-1.jpg,"東卯山，海拔1692公尺，谷關七雄排名第五，原為台電之保線道路。沿線風景秀麗，生態資源豐富多樣，登山路徑呈和緩的之字坡向上攀升，寬大好走，是座很容易親近的山。
 
 登頂後腹地寬廣，設有大型微波反射板，視野遼闊，擁有360度絕佳的好風光，天氣良好時除可遠眺松鶴部落外，鳶嘴、稍來、新山、馬崙山、八仙山稜脈、唐麻丹山之山巒美景盡收眼底。",東卯山，海拔1692公尺，谷關七雄排名第五，原為台電之保線道路。沿線風景秀麗，生態資源豐富多樣，登山路徑呈和緩的之字坡向上攀升，寬大好走，是座很容易親近的山。,"大道院牌樓→(1K, 20分鐘)→東卯山登山口→(0.7K, 15分鐘)→德芙蘭步道岔路→(1.2K, 30分鐘)→涼亭→(0.6K, 12分鐘)→2.5K木樁左側有展望點→(1K, 20分鐘)→3.5K木樁→(1K, 20分鐘)→4.5K木樁→(1K, 20分鐘)→5.5K木樁→(0.5K, 15分鐘)→6K木樁→(0.2K, 5分鐘)→木梯→(0.3K, 10分鐘)→6.5K木樁→(0.2K, 3分鐘)→東卯山三角點(折返點)→(6.7K, 150分鐘)→東卯山登山口→(1K, 20分鐘)→大道院牌樓",5.67,臺中市,和平區,2,1,760,"1. 東卯山步道可接往德芙蘭及屋我尾山步道。
 2. 雖然小客車可直接開入東卯山登山口，但會車不易，建議還是停在大道院停車場，但必須多走一公里才能抵達登山口。
 3. 大道院至東卯山登山口距離約1公里，需20分鐘步程。",,,7.7公里,1690公尺,東卯山步道.gpx
111,大雪山森林遊樂區森林浴步道,111-1.jpg,大雪山森林浴步道原名鞍馬山莊環站步道，由大雪山森林遊樂區的200林道41K進入步道，步道約與200林道平行，經小神木，環繞鞍馬山莊住宿區，最後由林道43K處遊客中心接回林道，是大雪山森林遊樂區內的主要休閒步道。大雪山森林遊樂區內具有豐富多樣的動植物資源，森林浴步道為大雪山森林遊樂區的縮影，走訪森林浴步道，可於最短時間領略此區的動植物風情。,大雪山森林浴步道原名鞍馬山莊環站步道，由大雪山森林遊樂區的200林道41K進入步道，步道約與200林道平行，經小神木，環繞鞍馬山莊住宿區，最後由林道43K處遊客中心接回林道，是大雪山森林遊樂區內的主要休閒步道。,"200林道41K步道入口→(0.6K, 15分鐘)→小神木→(0.1K, 2分鐘)→第一賓館叉路→(0.3K, 6分鐘)→第二賓館叉路→(1.1K, 22分鐘)→大雪山賓館叉路→(0.7K, 14分鐘)→小木屋區→(0.2K, 5分鐘)→200林道43K步道入口",1.17,台中市,和平區,1,0,500,"1.步道由200林道41公里處進入，43公里處出步道，或反向進出；若不想走原路返回，可直接走2公里的林道回到出發點，需時約30分鐘。亦可出至林道後過馬路至對面續行木馬古道環行回到森林浴步道出發點。
 
 2.大雪山森林遊樂區門票：全票200元，非假日150元，半票100元，小車100元。
 
 3.山區無加油站，需先加滿油再上山。",,,3公里,2250公尺,大雪山森林遊樂區森林浴步道.gpx
112,奇萊南峰步道,112-1.jpg,"位於南投和花蓮交界的奇萊南峰和南華山（又稱能高北峰）是台灣最容易親近的百岳之一，因位置相鄰，岳界常將二者搭配起來連走，合稱「奇萊南華」。大多數人都是經由坡度和緩、指標清楚、景觀絕佳的「能高越嶺道」西段進入山區，住宿天池山莊一晚後，隔天凌晨再輕裝前往兩座山頭；途中會經過天池岔路口、越過清淺的塔羅灣溪和之字形箭竹草坡後即可抵達奇萊南峰，早起者還有可能在山上看到光芒萬丈的日出雲海美景；回天池轉往南華山的途中，眼前盡是綿亙千里的綠地毯，周圍還有牛魔角卡賀爾山、能高、奇萊、雪山、合歡和干卓萬等群峰環繞，即使無法一一親臨，遠觀也是一種享受，續行可下切至「光被八表」紀念碑、走一小圈O型返回天池山莊。
 
 前身曾是「能高駐在所」和「天池保線所」的天池山莊在102年整建成為二層樓的綠建築，提供登山者舒適、寬敞和多元的休憩空間，讓更多民眾有機會走訪這條充滿人文史蹟與吊橋飛瀑的國家級步道、登上奇萊南華兩座百岳的殿堂，完成一趟穿越百年時空的高山古道之旅。",位於南投和花蓮交界的奇萊南峰和南華山（又稱能高北峰）是台灣最容易親近的百岳之一，因位置相鄰，岳界常將二者搭配起來連走，合稱「奇萊南華」。,"Day 1：屯原登山口→（4.5K,120分鐘）→雲海保線所→（8.6K,210分鐘）→天池山莊
 
 Day 2：天池山莊→（1K,60分鐘）→天池岔路→（2K,80分鐘）→奇萊南峰→（2K,55分鐘）→天池岔路→（1.4K,40分鐘）→南華山→（2K,50分鐘）→光被八表紀念碑→（2.5K,55分鐘）→天池山莊→（8.6K,180分鐘）→雲海保線所→（4.5K,100分鐘）→屯原登山口",48,南投縣,仁愛鄉,2,1,5000,"1.天池山莊需於住宿前5~60天在官網申請床位，不接受電話及現場預訂，每日限額88人，於住宿日前30日抽籤排定。
 2.能高越嶺道西段有多處崩塌地形，小心通過即可，但豪雨或颱風後應避免前往。
 3.屯原登山口前產業道路相當狹窄，且時常有當地農民之貨車往來，切勿將車輛停放路邊，以免阻礙交通甚至造成意外事故。登山口前設有停車場，請確實將車輛停放於停車場中，或是請部落民宿或當地發展協會協助接駁。",,,18.6公里,3358公尺,能高越嶺 奇萊南華.gpx
113,忘憂森林步道,113-1.jpg,"忘憂森林位於山林溪旁，經常處於霧氣氤氳的狀態，迷濛神秘，因此也被稱為迷霧森林。
 
 前往忘憂森林的路上，一旁是被雲霧層層包圍的茶園，恬靜的風光，令人不由自主在此佇足片刻，也對即將出現的景色更加期待。不久，枯樹水池沼澤赫然出現在眼前，這就是大名鼎鼎的忘憂森林了。上午，艷陽高照時，清澈水底的綠藻、湛藍的天空、綿綿的白雲加上矗立的枯木，看著眼前絕美的畫面，手指也不停按下快門。下午，雲霧繚繞，湖面水氣朦朧，柳杉隱隱若現，迷幻的氛圍再次佔用更多記憶體。
 
 擁有夢幻景色的忘憂森林，也很容易造訪，所以近年來成為拍攝廣告和婚紗的熱門景點。",忘憂森林位於山林溪旁，經常處於霧氣氤氳的狀態，迷濛神秘，因此也被稱為迷霧森林。,仁淵茶業旁的產業道路→(30分鐘)→鐵皮屋與指標→(5分鐘)→忘憂森林(折返)→(35分鐘)→產業道路入口,1.17,南投縣,鹿谷鄉,1,0,500,"1.步道濕滑泥濘，建議穿著防滑的鞋子、攜帶雨具。
 2.產業道路路段也可搭乘接駁車，車資約每人100元，可洽詢當地商家。
 3.忘憂森林可連接嶺頭山至金柑樹山後折返至杉林溪，全程約需4小時。也可經嶺頭山後，轉往溪頭，全程約需5小時。本區多條路線可連接，出發前請先查詢地圖。",,,1.3公里,1956公尺,忘憂森林.gpx
114,唐麻丹山步道,114-1.jpg,"唐麻丹山步道位於大甲溪南岸，在谷關七雄中排行最末，也是七雄中海拔高度最矮的一座，雖然高度最矮，但由登山口至山頂的落差超過650公尺，仍然是相當挑戰的路線。
 
 唐麻丹山登山口位於裡冷部落，山頂可與東卯山、屋我尾山稍來山遙遙相望。山頂下有一條通往蝴蝶谷瀑布的步道，可視體力及時間選擇是否順訪，是谷關七雄中唯一一條具有瀑布景觀的步道。",唐麻丹山步道位於大甲溪南岸，在谷關七雄中排行最末，也是七雄中海拔高度最矮的一座，雖然高度最矮，但由登山口至山頂的落差超過650公尺，仍然是相當挑戰的路線。,"裡冷登山口→(0.9K, 50分鐘)→0.9K涼亭→(0.6K, 35分鐘)→1.5K木樁→(0.8K, 25分鐘)→唐麻丹山三角點→(1.2K, 40分鐘)→蝴蝶谷岔路口→(0.8K, 25分鐘)→松鶴岔路口→(0.8K, 25分鐘)→0.9K涼亭→(0.9K, 40分鐘)→裡冷登山口",4,臺中市,和平區,1,1,600,"1. 可順遊蝴蝶谷瀑布，於步道3.5公里木樁處轉蝴蝶谷步道，單程約1.7公里，原路往返，來回需約1.5小時。建議可先登頂後至此岔路口，再下行至瀑布，以免因一路爬坡導致體力不堪負荷。
 2. 唐麻丹山傳統上有兩個登山口，一在裡冷部落、一在松鶴部落，裡冷線一路陡上至山頂，松鶴線則多為好走平緩的林道，兩路線間可形成一環狀步道共有多種走法，各人可視體力與時間選擇路線。",,,5.1公里,1305公尺,唐麻丹山裡冷線.gpx
115,桃山瀑布步道,115-1.jpg,"步道散發著松枝的清香，全程林蔭幽幽，彷彿是童話故事般森林裡的場景。
 
 步道緩緩而上，沿途經過的武陵吊橋在秋日染上一片火紅，而橋下的台灣國寶「櫻花鉤吻鮭」正悠游其中；途中的觀景點景色遼闊，可遠眺桃山、雪山山脈，並可俯瞰武陵全景。桃山瀑布於步道盡頭，又稱煙聲瀑布，標高2500公尺，高約80公尺，名列全台六大瀑布之一，雨季過後水量驚人壯觀，抵達瀑布底下，記得在山壁上找找日漸斑駁的「煙聲」二字。",步道散發著松枝的清香，全程林蔭幽幽，彷彿是童話故事般森林裡的場景。,武陵山莊→武陵吊橋→桃山瀑布(折返點)→武陵吊橋→武陵山莊,4,臺中市,和平區,1,0,600,"1.入武陵農場接須購買門票，假日每人NT 160元、平日每人NT 130元；停車費大型車NT 80元、小型車NT 50元、機車NT 10元，詳細購票內容請參考武陵農場網站(https://www.wuling-farm.com.tw/tw/stay/ticket.php)
 
 2.因桃山瀑布步道位於之武陵遊憩區為山區，道路有時會因為豪雨天災受到影響，或是施工管制，民眾出發前建議先撥電武陵管理站25901316確認路況。
 
 3.桃山步道可連結武陵四秀之桃山及池有山登山口。",,,4.3公里,2250公尺,桃山瀑布步道.gpx
116,波津加山步道,116-1.jpg,波津加步道位於大甲溪北岸，在谷關七雄中排行第四，昔日為台電保線道路，林徑旁仍能見到倒臥的老舊木製電桿及固定用鋼索。「波津加」名稱的由來據說是因步道坡度陡峭，許多登山者形容其「坡真陡」（閩南語諧音）。由於高低差約1千公尺，全段幾乎都在爬升，來回時間需6～8小時。,波津加步道位於大甲溪北岸，在谷關七雄中排行第四，昔日為台電保線道路，林徑旁仍能見到倒臥的老舊木製電桿及固定用鋼索。,"捎來步道(東)入口→(0.5K,20分鐘)→885峰觀景亭→(0.5K,10分鐘) →0.5K休息處→(1.7K,90分鐘) →石瀑區→(0.6K,50分鐘)→木造涼亭→(0.8K,60分鐘)→波津加山三角點→(0.8K,40分鐘)→木造涼亭→(0.6K,30分鐘)→石瀑區→(1.7K,45分鐘) →0.5K休息處→(0.5K,20分鐘)→885峰觀景亭→(0.5K,15分鐘) →捎來步道(東)入口",6.33,臺中市,和平區,2,1,830,"1. 波津加步道起點位於捎來步道800公尺涼亭處，欲攀登波津加山須由捎來步道開始健行。
 2. 捎來步道為雙向進出之步道，西側入口位於東關路上的谷關郵局旁，東側入口則位於溫泉巷四季溫泉會館旁。
 3. 波津加山另有一登山口，在大雪山林道43K鞍馬山莊森林浴步道，由上往下走，落差約500公尺，此路線較為輕鬆。
 4. 若體力及時間許可，自山頂原路折返回到登山口時，可取往溫泉文化館方向，接捎來吊橋返回。位在中部橫貫公路上的谷關為名聞遐爾的溫泉區，可以品嚐道地的原住民餐點及泡湯消除疲勞。",,,4.1公里,1770公尺,波津加山(谷關七雄老四).gpx
117,雲嘉大尖山,117-1.jpg,大尖山，又名「尖山母山」，因全省名為大尖山的山岳眾多，習稱此岳為「雲嘉大尖山」。大尖山是阿里山山脈西北稜延伸至清水溪西側的最高峰，與二尖山、馬鞍山、祝壽山相連成嶺，山勢高聳有如一座屏障，是小百岳五嶽的西嶽名山。峰頂視野廣闊，可遠眺阿里山脈、塔山、玉山及雲嘉平原，是觀賞日出、夕陽及雲海的好去處。,大尖山，又名「尖山母山」，因全省名為大尖山的山岳眾多，習稱此岳為「雲嘉大尖山」。,"華山教育農園10-5步道口→(0.5K, 15分鐘)→六角涼亭→(1.3K, 60分鐘)→大尖山→(1K, 30分鐘)→二尖山→(1.2K, 30分鐘)→二尖山觀景台→(1.6K, 30分鐘)→雲208休憩椅→(1.1K, 20分鐘)→華山天梯→(1.1K, 25分鐘)→華山教育農園10-5步道口",3.5,雲林縣,古坑鄉,1,0,550,"登大尖山主要三條步道登山口：
 1.華山10-5步道口：位於雲林縣古坑鄉華山村，149縣道29k處華山教育農園起登，走10-5步道，前段路徑石板階梯，後段為亂石路徑，需抓繩攀向上，沿路多為竹林蔽蔭，但坡度較陡，具有挑戰。
 2.龜仔頭4-1步道口：位於雲林縣古坑鄉華山村，由雲208鄉道龜仔頭起登，走4-1、4-2號步道，經二尖山順著稜線行至大尖山，路線最長，路況較好。
 3.竹仔嶺：位在嘉義縣梅山鄉龍眼村，路線最短。",,,7.8公里,1350公尺,雲嘉大尖山、二尖山步道.gpx
118,貓囒山步道,118-1.jpg,"「日月潭四兄妹」的姐姐─貓囒山海拔1020公尺，步道由台21線的明潭國中或竹石園旁蜿蜒而上，距離不長、遊客不多，卻擁有茶園景觀、日式宿舍、老茶廠、全台第三高的氣象站、可俯瞰日月潭全景和觀賞日出雲海的絕佳位置，2006年還被選為新版的台灣小百岳。
 
 因貓囒山的氣候水土適宜，日治時期便開始引進和廣植阿薩姆紅茶，半山腰的「茶葉改良場」內仍保留了古色古香的檜木茶廠和宿舍群等歷史建築，還有為台灣紅茶貢獻一生的日本技師紀念碑，途經北國情調的錫蘭橄欖樹紅葉步道和多座觀景平台之後，即可抵達視野開闊的日月潭氣象站，這裡是貓囒山的最高點，天氣好時能遠眺九份二山、集集大山、西巒大山和埔里盆地等地區。附近的餐飲、住宿和交通方便，下山後不妨多待一天順遊周邊景點，或是挑戰日月潭其他三兄妹─水社大山、大尖山和後尖山，從不同的高度與角度欣賞水沙連的湖光山色之美。",「日月潭四兄妹」的姐姐─貓囒山海拔1020公尺，步道由台21線的明潭國中或竹石園旁蜿蜒而上，距離不長、遊客不多，卻擁有茶園景觀、日式宿舍、老茶廠、全台第三高的氣象站、可俯瞰日月潭全景和觀賞日出雲海的絕佳位置，2006年還被選為新版的台灣小百岳。,"貓囒山步道口→（1.4K,35分鐘）→茶葉改良場魚池分場→（1.1K,25分鐘）→日月潭氣象站→（0.2K,5分鐘）→貓囒山最高處（涼亭）→（1.3K,30分鐘）→茶葉改良場魚池分場→（1.4K,20分鐘）→貓囒山步道口",2,南投縣,魚池鄉,1,1,500,"1.位於貓囒山頂的日月潭氣象站開放時間是05:30~17:30，天候惡劣時會暫停開放，請遊客不要上山。
 
 2.茶葉改良場魚池分場目前由行政院農委會管理，平時不對外開放，僅接受五人以上團體在兩週前提出公文申請才可入內參觀。",,,1.35公里,1020公尺,貓囒山步道.gpx
119,咬人狗坑登山步道(三汀山),119-1.jpg,"咬人狗坑登山步道是登頂三汀山的主要步道，鄰近都會生活圈，設計規劃完善，適合親子郊遊、健行。
 
 三汀山位於台中盆地東側，是距離台中市區最近的小百岳，山頂平台頗為寬廣，設有瞭望台，近可俯瞰頭汴坑溪、一江橋、大潭仔（台灣潭），遠可眺望台中盆地、大肚台地、鐵砧山及八卦山台地，著名地標如高鐵站、台中市最高大樓「Hotel ONE」等皆一覽無遺，展望極佳，無怪乎被選為小百岳。
 
 除了咬人狗坑登山步道主線外，三汀山周圍另有五條登山步道支線，經由咬人狗坑步道串連，最後皆通往三汀山頂，唯步道支線坡度較陡，前往民眾可視體力自行選擇路線行走。",咬人狗坑登山步道是登頂三汀山的主要步道，鄰近都會生活圈，設計規劃完善，適合親子郊遊、健行。,"一江橋堤防道路登山口→(0.6K, 15分鐘)→大潭仔→(0.2K, 5分鐘)→第一步道叉路→(0.7K, 20分鐘)→第三步道叉路→(0.9K, 25分鐘)→第五步道叉路→(0.7K, 20分鐘)→長青運動公園→(0.4K, 10分鐘)→枕木步道→(0.3K, 10分鐘)→老鼠崎步道叉路→(0.2K, 5分鐘)→三汀山望高寮→(3.9K, 70分鐘)→一江橋堤防道路登山口",3,台中市,太平區,1,0,500,"1.經由咬人狗坑步道登三汀山望高寮後，可接往老鼠崎登山步道（路線長度約2.2公里），經觀雲嶺、武陵殿至坪林國小東側，形成環形健走路線，適合搭公車前往或不想登陡坡者，但路線較長且少遮蔭。
 
 2.埤頭山（海拔486公尺）位於三汀山東南方約0.2公里處，原有一等三角點基石，已遺失；也有人將埤頭山與三汀山視為同一座山，由於兩座山頭十分接近，究竟哪個說法正確難以考據。
 
 3.大潭仔為三汀山西側鄰近頭汴坑溪的水潭，921大地震後因地變化，外形變為台灣形狀，因此又稱台灣潭。由三汀山望高寮俯瞰此潭，形狀相當優美，經由一江橋旁堤防路可通往大潭仔。",,,3.9公里,481公尺,咬人狗坑步道→三汀山▲(20171007).gpx
120,聚興山、新田登山步道,120-1.jpg,聚興山與新田登山步道共有三條步道相接合，其中一號步道由1063階枕木舖設，稍有陡度，每50公尺有設里程碑，沿途樹木蒼鬱茂密，順著步道蜿蜒而上，聚興山尖尖的山頭即呈現在眼前，稜線有幾處展望點，可俯看潭子、北屯市區，以及果園景緻，步道設備完善有彩虹亭、觀景平台、六角亭、觀鷹台與許願池許多休憩涼亭。,聚興山與新田登山步道共有三條步道相接合，其中一號步道由1063階枕木舖設。,"新田登山步道停車場→(0.2K, 5分鐘)→一號步道登山口→(0.4K, 25分鐘)→涼亭→(0.3K, 20分鐘)→聚興觀景台→(0.3K, 20分鐘)→第一水塔→(0.1K, 6分鐘)→聚興山三角點→(0.1K, 6分鐘)→第一水塔→(0.1K, 3分鐘)→六角亭→(0.2K, 5分鐘)→觀景台→(0.6K,13分鐘)→觀鷹台→(0.2K, 7分鐘)→許願池→(0.3K, 7分鐘)→一號步道登山口→(0.2K, 3分鐘)→新田登山步道停車場",2,台中市,潭子區,1,1,500,"1.除了一號登山步道外，尚可由二號登山步道至山頂，此為產業道路，不想太累的朋友，可選擇此步道，約30分鐘可登頂。此外，尚有三號登山步道，為經過許願池續往觀鷹台方向走，回程可由一號或二號折返，這是另一種走法，時間約為120分鐘。
 2.若要特別撿三角點在第一水塔那裡要特別離開步道，穿過果園，才能抵達。",,,3公里,500公尺,聚興山、新田登山步道.gpx
121,荷苞山登山步道,121-1.jpg,"因山形酷似含苞待放的荷花而得名的荷苞山位於雲林的古坑，日據時期，日本人曾在此廣植咖啡樹，所以也有「咖啡山」之稱。由於咖啡樹是半日照植物，當年還種了經濟價值高的百餘株油桐樹來遮蔭，如今已蔚然成林，每年三四月柳丁和咖啡花盛開之後，桐花接著開始綻放，穿梭在白花綠林的步道上，心情格外暢快！
 
 荷苞山登山步道有多個出入口，其中指標最明顯的一處就在建德寺地母廟的停車場旁，前段為沿山稜而建的水泥階，途經鞍部四岔路口和兩座涼亭後即可登頂，海拔雖然不高卻展望良好，能俯瞰斗六、古坑地區和蜿蜒的國道三號與古坑快速公路。從山頂繼續往下步行一段較陡的枕木階之後，可抵達步道另一端的慈龍宮登山口，再走149甲線返回出發點，全程約需兩個小時，途中還能順遊桐花公園、地母廟，或是在古坑咖啡的原產地喝一杯香醇的咖啡，在花香與咖啡香中感受荷苞山之美。",因山形酷似含苞待放的荷花而得名的荷苞山位於雲林的古坑，日據時期，日本人曾在此廣植咖啡樹，所以也有「咖啡山」之稱。,"地母廟登山口→（0.8K,35分鐘）→鞍部四岔路→（0.4K,10分鐘）→荷苞山→（0.8K,30分鐘）→慈龍宮登山口→（1K,25分鐘）→產道登山口→（0.4K,10分鐘）→地母廟牌樓→（0.4K,10分鐘）→地母廟登山口",2,雲林縣,古坑鄉,1,0,500,"1.除了建德寺地母廟旁的登山口之外，149甲線上還有另外兩個：一是5.6K處的慈龍宮登山口；二是6.5K處的產業道路登山口，可通往稜線上的鞍部四岔路，續行石階步道即可抵達荷苞山。
 
 2.本區蚊蟲較多，最好隨身攜帶防蚊用品、並穿著長袖衣褲。",,,3.8公里,265公尺,荷苞山登山步道.gpx
122,古坑水濂洞瀑布步道,122-1.jpg,"「水濂洞」、「幽情谷」、「青蛙石」為草嶺十景其中的三景。
 
 「水濂洞」為懸谷式瀑布高約20公尺，雨季時瀑布傾瀉而下有如一幅水幕，而得其名。水濂洞曾在921地震時，受到新草嶺潭的湖水高漲而淹沒，又於2004年72水災後，在新草嶺潭湖消失後而再度露出，近年地方政府整修步道，才能再度一親芳澤。
 
 從仙霞嶺入口沿著石階蜿蜒而下，兩旁樹蔭翠綠，步道平整好走，約10分鐘即與「幽情谷」相接，欣賞河谷中特殊的「壺穴」地形景觀，宛若青蛙跳河的「青蛙石」，岩壁因受長期風化，密佈蜂窩狀小孔的「蜂巢岩」，以及鐘乳石景觀「奇妙洞」，步道高點可遠眺豐山村蛟龍瀑布及清水溪，可飽覽豐富的地質景觀。",「水濂洞」、「幽情谷」、「青蛙石」為草嶺十景其中的三景。,"仙霞嶺餐廳→(0.4K, 10分鐘)→幽情谷→(0.2K, 10分鐘)→青蛙石、蜂巢岩、奇妙洞→(0.1K, 5分鐘)→水濂洞→原路折返→(0.1K, 5分鐘)→青蛙石、蜂巢岩、奇妙洞→(0.2K, 10分鐘)→幽情谷→(0.4K, 10分鐘)→仙霞嶺餐廳",0.83,雲林縣,古坑鄉,1,1,500,"1.步道可能長有青苔，請小心行走。
 2.大雨前後請勿前往。
 3.部份步道仍在整修，請注意安全。",,,0.7公里,700公尺,古坑水濂洞瀑布步道.gpx
123,松柏嶺登廟步道,123-1.jpg,"松柏嶺登廟步道，也稱豐柏生態步道，早期是彰化縣二水鄉通往南投名間鄉松柏嶺的買賣道路，近年漸漸變成愛好健行運動者的步道。
 
 步道全程是柏油路及階梯，但沿途綠樹成蔭，有數座涼亭休憩設施，除了接近受天宮附近較為陡峭外，其他路段坡度平緩，適宜大眾登山健行。動植物生態豐富，台灣獼猴出沒其間，尤其是「賞猿台」附近數量最多；並設置有植物、蝴蝶、鳥類等生態的解說牌，可做為戶外教學。
 
 步道上方盡頭是松柏嶺受天宮，視野極佳，往西遠眺可將田中、二水、溪州的鄉村風景盡收眼底。",松柏嶺登廟步道，也稱豐柏生態步道，早期是彰化縣二水鄉通往南投名間鄉松柏嶺的買賣道路，近年漸漸變成愛好健行運動者的步道。,"豐柏廣場→(0.5K, 15分鐘)→觀山亭(第1涼亭)→(0.6K, 15分鐘)→賞猿台(第3涼亭)→(0.4K, 10分鐘)→第4涼亭→(0.2K, 10分鐘)→松柏嶺受天宮",0.83,彰化縣,二水鄉,1,0,500,"1.松柏嶺登廟步道北方有另一條坑內坑步道，是一條早期居民上受天宮進香，走出來的「進香古道」，坑內坑步道由縣道137路口起至松柏嶺受天宮約2.5K，上坡約60分，下坡45分，可與松柏嶺登廟步道作環形串連。
 
 2.松柏坑山位於受天宮東南方約2公里，又稱獅子頭山，海拔430公尺，山頂有二等三角點No.1067，基石位於茶園中，小百岳編號051。",,,1.7公里,390公尺,松柏嶺登廟步道.gpx
124,捎來步道,124-1.jpg,"捎來步道位於台中市和平區谷關地，步道名稱以當地部落頭目之名發音取為「捎來」。
 
 步道有二處登山口，分別經過谷關吊橋及捎來吊橋，沿途林蔭茂密，遠山青翠，綠意盎然，可欣賞大甲溪風光，溫泉飯店林立，谷關風光盡收眼底，春天櫻花嬌艷綻放，秋天楓紅繽紛，景色美不勝收。
 
 梢來吊橋出口連接谷關溫泉公園，有免費溫泉泡腳池。",捎來步道位於台中市和平區谷關地，步道名稱以當地部落頭目之名發音取為「捎來」。,"溫泉桂花巷入口→(0.1K, 3分鐘)→谷關吊橋→(0.3K, 10分鐘)→捎來步道登山口(四季溫泉)→(0.5K, 22分鐘)→捎來步道高點觀景亭→(0.7K, 15分鐘)→捎來吊橋→(0.4K, 10分鐘)→溫泉桂花巷入口",1,台中市,和平區,1,1,500,"1.部份路段較為陡峭，年長、年幼體弱者請衡量自身體力。
 2.捎來步道高點觀景亭再往前行，可銜接波津加步道，此路段更加陡峭，適合有登山經驗者前往，一般遊客需量力而為。",,,2公里,851公尺,捎來步道.gpx
125,橫山步道,125-1.jpg,"橫山為八卦山脈最高峰，台灣小百岳之一，山頂有兩顆三角點和八卦山制高點勒石，附近的觀日平台展望極佳，可俯瞰彰化平原的平疇綠野和高鐵飛馳而過的景觀，天氣晴朗時能遠眺玉山群峰，每年春分前後，還有機會觀賞到灰面鵟鷹遨翔天際的英姿，其餘季節也很適合賞鷹。
 
 橫山步道又名觀日步道，全長僅一公里多，可以歷史悠久、交通方便且設施完善的清水岩寺為出發點，經由長青自行車道（挑戰路線）、山湖步道上下山，或是結合清水岩步道群中的觀音山、中央嶺步道或挑鹽古道（十八彎）一起走，甚至更遠的猴探井步道都能形成不同的環狀路線。此外，也可以選擇在串連各步道的長青自行車道騎鐵馬上山、挑戰腿力；時間不夠或有老弱同行者，亦可開車直抵139乙縣道上的登山口輕鬆登頂賞景，是一條可長可短、可騎可走、老少咸宜的小百岳步道。",橫山為八卦山脈最高峰，台灣小百岳之一，山頂有兩顆三角點和八卦山制高點勒石，附近的觀日平台展望極佳，可俯瞰彰化平原的平疇綠野和高鐵飛馳而過的景觀，天氣晴朗時能遠眺玉山群峰，每年春分前後，還有機會觀賞到灰面鵟鷹遨翔天際的英姿，其餘季節也很適合賞鷹。,"清水岩寺→（0.7K,15分鐘）→長青自行車道口（挑戰路線）→（2.6K,50分鐘）→橫山步道口（139乙縣道）→（0.8K,15分鐘）→橫山→（0.4K,10分鐘）→山湖步道口（139乙縣道）→（3K,60分鐘）→清水岩寺",2.5,彰化縣,社頭鄉,1,0,500,"1.橫山步道在139乙縣道約1.9K處有一捷徑登山口，循木棧道上山只要十多分鐘即可登頂；另外在139乙縣道約0.7K處也有入口，此處有步道指標與涼亭。
 
 2.山頂的二等三角點和三等三角點基石相距約80公尺，皆位於無視野的檳榔園中，有山友稱之為尖山湖山，但大部分將此兩顆基石統稱為橫山。",,,7.5公里,443公尺,橫山.gpx
126,挑水古道,126-1.jpg,"挑水古道位於八卦山山脈中段東側，清朝時期因交通不便，當地先民為解決生活飲水問題，於山麓間尋覓時，發覺此處山澗溝渠終年有水，於是在泉水湧出的源頭挖掘水井，並將取水的山徑修砌為石階步道。
 
 由員草路一段159號旁水泥路進入步道，首先映入眼簾的是仿日式鳥居。古道半山腰處有二口自然湧出泉井，稱為龍鳳湧泉，現為桐花水池造景，是賞桐花最好之處。順著步道蜿蜒前行，穿過樹林後是一座小型古廟東龍宮，由此可通往另一處大彰路一段672巷入口處。
 
 挑水古道平整好走，再加上經過規劃的桐花景觀，是適合親子賞桐的路線。",挑水古道位於八卦山山脈中段東側，清朝時期因交通不便，當地先民為解決生活飲水問題，於山麓間尋覓時，發覺此處山澗溝渠終年有水，於是在泉水湧出的源頭挖掘水井，並將取水的山徑修砌為石階步道。,"員草路一段159號入口（仿日式鳥居）→(0.5K, 15分鐘)→賞桐休息區→(0.6K, 25分鐘)→大型停車場→(0.6K, 15分鐘)→龍鳳湧泉→(0.3K, 10分鐘)→大彰路一段672巷入口（東龍宮）",1,彰化縣,芬園鄉,1,1,500,"1.另有一條碧山古道鄰近挑水古道，兩條古道相互平行，只是挑水古道依山溝而行，而碧山古道沿山稜線而走，一高一低，兩條步道可環型上下。步道中間亦有稱之為「天梯」的石砌階梯銜接兩條步道。
 
 2.大彰路一段672巷往南約2.4公里至南投市八卦路尾鳳山寺附近（縣道139線32.9K處）有一株八卦山台地最大樟樹，樹齡約250年，樹徑2.1公尺、樹高約20公尺，設有避雷針、解說牌、桌椅等設施，供民眾休憩之用。",,,2公里,337公尺,挑水古道.gpx
127,九九峰森林步道,127-1.jpg,"九九峰，又稱「九九尖山」、「火炎山」，由99座尖銳的獨立山峰所組成的，遠遠望去像是跳耀的火焰而得名，特殊的地質景觀，與三義火炎山、六龜十八羅漢山並稱為「台灣三大火炎山地形」，亦為草屯第一名景。
 
 步道有北端、南端二個入口，南端是木棧道，北端是水泥產業道路，可環繞一圈。步道隨著稜線蜿蜒而上，沿途有高大樹林夾道，山頂開闊處可遠眺霧峰、草屯、雙冬、平林等地，以及烏溪風光、國道六號穿流的車潮，山頂的涼亭是最佳展望點，可以欣賞整個「九九峰自然保留區」，峰峰相連的景色，令人嘆為觀止。
 
 健行完畢，可順遊九九峰生態藝術園區展覽館、毓繡美術館，欣賞藝術家豐富的作品。",九九峰，又稱「九九尖山」、「火炎山」，由99座尖銳的獨立山峰所組成的，遠遠望去像是跳耀的火焰而得名，特殊的地質景觀，與三義火炎山、六龜十八羅漢山並稱為「台灣三大火炎山地形」，亦為草屯第一名景。,"九九峰生態藝術園區停車場→(0.2K, 10分鐘)→南端入口→(0.9K, 50分鐘)→景觀台→(0.3K, 25分鐘)→北端入口→(1.1K, 15分鐘)→九九峰生態藝術園區停車場",1.67,南投縣,草屯鎮,1,0,500,"1.九九峰地質鬆軟，禁止跨越步道圍欄外，以免發生危險。
 2.九九峰生態藝術園區展覽館開放時間：上午9:00~下午5:00，平日週一休館，如逢國定假日則開館。
 3.鄰近步道：
 A.北坑溪步道群：經霧峰奧山，海拔483公尺，三等三角點4184號，以及九九峰第七峰，無基石，有石頭寫「桐林山」，登山口位於台中市霧峰區桐林村北坑產業道，一大圈約5.5～6小時。
 B.九九峰西火炎山步道：位於南投縣草屯鎮雙冬里中心巷九九山莊，往返約40分鐘。
 C.虎山登山步道：大虎山，海拔325公尺，三等三角點82號，登山口位於中興新村環山路31倉庫，連走雷藏寺登大虎山，往返約150~200分鐘。
 九九峰自然保留區：共有北、中、西三條步道，霧峰的「北坑溪步道群」、草屯的「九九峰森林步道」、「九九峰西火炎山步道」。",,,2.5公里,485公尺,九九峰森林步道.gpx
128,萬年峽谷步道,128-1.jpg,"雲林古坑的萬年峽谷位在清水溪的支流內湖溪上游，是溪水經年累月的侵蝕作用與岩層擠壓所造成的V字型峽谷，因溪床蘊藏不同成分的礦物，在蜿蜒近一公里的岩壁上形成色澤斑斕、節理豐富、層次分明的紋理外觀，如同一座渾然天成的巨型雕塑。
 
 萬年峽谷原本深藏於群山萬壑之中，經過數個颱風的洗禮才重見天日。從入口停車場往下走約數百公尺即可遙望壯麗的峽谷，續行數百公尺至涼亭，旁邊有小徑通往溪谷，千變萬化的地質景觀令人不得不讚嘆造物者的鬼斧神工！由於萬年峽谷沿岸多青苔，高低落差又大，現場也無管理和防護措施，來此賞景拍照時請務必保持安全距離並嚴禁戲水。回程不妨在入口處享用店家手作的天然愛玉，或是順遊附近的峭壁雄風、幽情谷、同心瀑布等景點，在大自然的地理教室中悠遊一整天！",雲林古坑的萬年峽谷位在清水溪的支流內湖溪上游，是溪水經年累月的侵蝕作用與岩層擠壓所造成的V字型峽谷，因溪床蘊藏不同成分的礦物，在蜿蜒近一公里的岩壁上形成色澤斑斕、節理豐富、層次分明的紋理外觀，如同一座渾然天成的巨型雕塑。,"萬年峽谷停車場→（0.3K,5分鐘）→景觀涼亭→（0.4K,10分鐘）→萬年峽谷→（0.4K,15分鐘）→景觀涼亭→（0.3K,10分鐘）→萬年峽谷停車場",0.42,雲林縣,古坑鄉,1,1,500,明隧道口旁曾有落石砸毀車輛，最好避免在此處停車。,,,0.7公里,485公尺,萬年峽谷步道.gpx
129,八卦山天空步道,129-1.jpg,八卦山天空步道位於彰化市八卦山大佛風景區，以輕型鋼架為結構，柵欄式線條為造型，從八卦山大佛坐落的廣場，沿著山勢蜿蜒而建，經荷花池生態園區、忠烈祠、棒球場、彰化藝術高中、彰化生活美學館，以點、線、面的構局形式，連結南北向的景點，全長1005公尺，步道高度最高16公尺，沿途設置七個出入口，可串聯各個景點，漫步於空中步道，可欣賞樹冠層生態之美，眺望彰化市區，是全台最長的天空步道。,八卦山天空步道位於彰化市八卦山大佛風景區，以輕型鋼架為結構，柵欄式線條為造型。,"八卦山第一停車場→(0.2K, 5分鐘)→八卦山天空步道入口#1→(1K, 20分鐘)→八卦山天空步道入口#7→國立彰化生活美學館",0.42,彰化縣,彰化市,1,0,500,"1.全日開放免費使用，夜間僅設置簡易照明設備到10點。
 2.注意防曬。",,,1.2公里,85公尺,八卦山天空步道.gpx
130,里龍山自然步道,130-1.jpg,"里龍山是恆春半島唯一海拔超過1000公尺的山，擁有大山的氣勢及絕佳的視野，在南部山岳中具有舉足輕重的地位，為台灣小百岳之一，是頗有名氣的中級郊山。山頂有顆一等三角點，天晴時可望小琉球於藍海中獨特面貌、並遠眺牡丹水庫橫躺於群山之間，居高臨下恆春半島海天一色的美景盡收眼底。
 
 山間林相優美，四處皆是鳥啼聲，動植物均豐富，偶爾還可瞧見藍腹鷴等稀有動物出沒，稀有珍貴的台灣穗花衫也生長於此。前段山徑平緩易行，後段則具挑戰性，因此里龍山也為南部山友攀登百岳的行前訓練場所。",里龍山是恆春半島唯一海拔超過1000公尺的山，擁有大山的氣勢及絕佳的視野，在南部山岳中具有舉足輕重的地位，為台灣小百岳之一。,龍峰寺停車場→(1.2K，20分鐘)→里龍山登山口→(1.45K，30分鐘)→下切河道交叉點→(0.05K，5分鐘)→第1鋼棧橋→(0.5K，35分鐘)→第2鋼棧橋→(0.735K，45分鐘)→里龍山登山休閒區鐵牌及休息平台→(1.34K，80分鐘)→里龍山三角點→(1.34K，60分鐘)休息平台→(2.7K，75分鐘)→里龍山登山口→(1.2K，20分鐘)→龍峰寺停車場,7,屏東縣,獅子鄉,2,1,900,也可由竹坑登山口上登。,,,4公里,1062公尺,里龍山.gpx
131,尾寮山登山步道,131-1.jpg,"尾寮山位在屏東三地門及高雄茂林交界，雖有東、西兩測登山入口，但較為多人熟知的是西側登山口，此登山步道前半段(6K)為產業道路一路呈現之字形緩坡，後半段則為較原始之登山山徑，路徑長、坡度陡，偶有需拉繩攀登地形，在小百岳中是挑戰級路線。
 
 雖然山頂為二等三角點無展望，但沿路即有許多不錯的展望點，可將附近茂林、六龜及高樹鄉的恬靜田園景色盡收眼裡。
 
 步道全程幾乎都在林間樹蔭下，生物多樣性豐富，是觀賞自然景觀、從事生態教學及登山健行等戶外活動最佳場所。",尾寮山位在屏東三地門及高雄茂林交界，雖有東、西兩測登山入口，但較為多人熟知的是西側登山口，此登山步道前半段(6K)為產業道路一路呈現之字形緩坡，後半段則為較原始之登山山徑，路徑長、坡度陡，偶有需拉繩攀登地形，在小百岳中是挑戰級路線。,西側登山口→(30分鐘)→集義亭→(40分鐘)→活水源休息區→(50分鐘)觀景亭→(70分鐘)→觀雲台→(50分鐘)→三角點→(240分鐘)→西側登山口,8,高雄市,茂林區,2,0,1000,"1.尾寮山登山步道山高路遠，建議提早出發並控制登頂時間。
 
 2.從沙溪林道進入尾寮山東側登山口前，於四至五月可觀賞滿山雪白的油桐花景，但林道因八八風災後道路不明，攻頂請先詢問確認路況。東側登山口入口可由西側登山口續行沿山公路(185線道)至屏東縣三地門鄉口社村沙溪林道23.5公里處進入。
 
 3.起登不久後遇指標往大津瀑布，若有時間充裕則可順走。
 
 4.尾寮山4-8月夏季悶熱有午後偶有雷陣雨，建議備好雨具再上山。",,,9.3公里,1427公尺,尾寮山.gpx
132,哈尤溪溫泉步道,132-1.jpg,"哈尤溪溫泉又稱為「雲豹之湯」，位於屏東隘寮北溪的支流哈尤溪上，因岩層富含鐵質及各種礦物，泉脈自岩壁縫流出，經硫磺的沖刷，將岩石染成紅、黑、黃、白等多種色澤，與壯麗的峽谷結合，猶如一幅天然的畫作。
 
 自大武吊橋下出發，順著蜿蜒寬廣的隘竂北溪床往上游前行，沿途景致優美，地質景觀豐富，經過幾次的過溪、崩場處、大石、霧頭山北溪支流、喬國拉次溪支流，至哈尤溪匯流處，再轉進入哈尤溪，再約3公里即可抵達哈尤溪溫泉。
 
 行至哈尤溪，溪床變得狹小，經大武溫泉遺址、三疊彩黃瀑布後，即可看到美麗的七彩岩壁，壯麗巍峨的峽谷壁上流下溫泉水，把石壁染成五彩繽紛的顏色，結合岩石的紋路，有如一幅美麗的油畫，令人讚嘆大自然的鬼斧神工。",哈尤溪溫泉又稱為「雲豹之湯」，位於屏東隘寮北溪的支流哈尤溪上，因岩層富含鐵質及各種礦物，泉脈自岩壁縫流出，經硫磺的沖刷，將岩石染成紅、黑、黃、白等多種色澤，與壯麗的峽谷結合，猶如一幅天然的畫作。,"大武吊橋→(13K, 300分鐘)→哈尤溪匯流處→(3K, 90分鐘)→哈尤溪溫泉→原路折返→(16K, 390分鐘)→大武吊橋",13,屏東縣,霧臺鄉,2,1,1500,"1.此路線僅適合枯水期時前往，雨後忌行，以免溪水暴漲受困，隨時注意天氣變化，若有變差跡象，應儘快撤離。
 2.峽谷地質脆弱，土石不穩定，不時有落石掉落，建議全程繫戴安全帽，隨時注意周遭。
 3.需辦理入山證，可事先於警政署網站申請，或至三德檢查哨現場辦理。
 4.幾處需涉水渡溪，溪水湍急、水深及膝，宜穿著溯溪鞋、雨鞋。
 5.進入隘寮北溪溪床有三種方式：
 a.大武村吊橋下方溪床便道：到哈尤溪匯流口約13km＋到哈尤溪溫泉3km。(適合步行)
 b.大武村東邊便道：到哈尤溪匯流口約10km＋到哈尤溪溫泉3km。(適合四驅車)
 c. 神山部落：到哈尤溪匯流口約16km＋到哈尤溪溫泉3km。(遇大武聯絡道封閉時的替代方案)",,,16公里,897公尺,哈尤溪溫泉步道.gpx
133,雲嘉七連峰縱走,133-1.jpg,"「雲嘉七連峰」為雲嘉地區著名的縱走路線，連走大尖山、二尖山、馬鞍山、梨子腳山、太平山、大巃頂、獨立山，七座山峰稜脈連成一氣，橫跨雲林縣古坑鄉華山村、嘉義縣梅山鄉太平村、竹崎鄉緞繻村，其中大尖山、梨子腳山、獨立山三座均為台灣小百岳。
 
 大尖山，峰頂視野廣闊，可遠眺阿里山脈、塔山、玉山及雲嘉平原，是觀賞日出、夕陽及雲海的好去處。梨子腳山，為太平村最高峰，大巃頂、二尖山是美麗的茶園景致。獨立山國家級步道與鐵道相依，沿途竹林、茶園、鐵道、山巒、隧道、火車等，景觀變化多端，視野展望極佳，山嵐籠罩時又宛若仙境，一路走來精彩萬分。",「雲嘉七連峰」為雲嘉地區著名的縱走路線，連走大尖山、二尖山、馬鞍山、梨子腳山、太平山、大巃頂、獨立山，七座山峰稜脈連成一氣，橫跨雲林縣古坑鄉華山村、嘉義縣梅山鄉太平村、竹崎鄉緞繻村，其中大尖山、梨子腳山、獨立山三座均為台灣小百岳。,"華山教育農園10-5步道口→(1.8K, 75分鐘)→大尖山→(1K, 30分鐘)→二尖山→(0.9K, 20分鐘)→龍興宮→(0.5K, 30分鐘)→馬鞍山→(1.2K, 25分鐘)→梨子腳山→(1.1K, 25分鐘)→太平山→(2.4K, 40分鐘)→孝子路步道登山口(太平竹林茶坊)→(1.3K, 40分鐘)→大巃頂→(1.8K, 45分鐘)→奉天岩→(0.8K, 20分鐘)→獨立山→(1.5K, 50分鐘)→樟腦寮車站→(1.7K, 40分鐘)→松腳",7.33,雲林縣,古坑鄉,2,0,930,,,,16公里,1305公尺,雲嘉七連峰.gpx
134,女仍山步道,134-1.jpg,"女仍山屬中央山脈南段主稜，於民國90年左右規劃為國家登山步道，海拔雖不及一千公尺，但登頂過程艱辛潑辣，山頂有顆三等三角點，也為台灣小百岳之一。
 
 因位處恆春半島迎風處，夏季受雲霧與降雨雙重氣候因素影響，地貌潮濕，林木及動植物生態豐富，沿途可常見蝴蝶翩翩飛舞景象，相當迷人。登頂展望相當好，太平洋、台灣海峽、小琉球、墾丁半島美景盡收眼底。",女仍山屬中央山脈南段主稜，於民國90年左右規劃為國家登山步道，海拔雖不及一千公尺，但登頂過程艱辛潑辣，山頂有顆三等三角點，也為台灣小百岳之一。,"伊屯橋登山口→(1.5k, 50分鐘)→乾溪溝→(1.9k, 80分鐘)→廢棄反射板→(0.1k, 10分鐘)→女仍山→(0.1k, 10分鐘)→廢棄反射板→(1.9k, 65分鐘)→乾溪溝→(1.5k, 40分鐘)→伊屯橋登山口",4.25,屏東縣,獅子鄉,2,1,625,登頂前的樹林內路段，雨季時期螞蝗較多，需小心防護。,,,3.5公里,808公尺,女仍山.20180219.gpx
135,庫哈諾辛山登山步道,135-1.jpg,"庫哈諾辛山與鄰近的關山嶺山以及塔關山合稱「南橫三星」，屬於中央山脈中段之末，且是南橫三星最西嶽，在玉山國家公園範圍內。其登山口位於南橫公路上，因此在南橫公路尚未毀損的時候，是非常親近旅客攀登之百岳。
 
 其前段需陡上千層的木棧階梯，路徑多在高聳的鐵杉林中。登上庫哈諾辛山，視野遼闊，玉山群峰以及壯觀的關山大崩壁一覽無遺。",庫哈諾辛山與鄰近的關山嶺山以及塔關山合稱「南橫三星」，屬於中央山脈中段之末，且是南橫三星最西嶽，在玉山國家公園範圍內。,進涇橋登山口→（1.7K，120分鐘）→ 庫哈諾辛山屋(3026山屋)→（1.7K，75分鐘）→ 庫哈諾辛山（折返）→（1.7K，65分鐘）→ 庫哈諾辛山屋(3026山屋)→（1.7K，60分鐘）→ 進涇橋登山口,5.33,高雄市,桃源區,2,0,730,"1.南橫公路開放時間為07:00~14:00，可由梅山口、向陽管制站進入，一般用路人下午2點後，只出不進，下午5點全線淨空。每週二及週四全日不開放。梅山口管制站（台20臨105線0K）、向陽管制站（台20臨105線44K），二端設立車牌辨識系統，車輛必需完成辨識車號登記後方可進入。
 
 2.南橫公路（台20線）實施管制，詳情見「南橫公路通行專區網站」
 https://thbu3.thb.gov.tw/
 
 3.南橫公路沿線地質脆弱，或有落石，請小心通行。
 
 4.可選擇兩天一夜行程住宿於庫哈諾辛山屋(3026山屋)。",,,3.4公里,3114公尺,庫哈諾辛山登山步道.gpx
136,塔關山登山步道,136-1.jpg,"塔關山與關山嶺山以及庫哈諾辛山合稱「南橫三星」，屬於中央山脈中段之末，在玉山國家公園範圍內。其登山口位於南橫公路上，是非常親近旅客攀登之百岳。
 
 塔關山是南橫三星中最高的一座，其登山口對面有一株高大的千年紅檜，是相當醒目的地標。路徑前段多在高聳的杉木林中，涼爽恰意，之後穿越箭竹林，時有陡上的路段。登高後視野開闊，可以望向往關山連綿的山脈。往鷹仔嘴山方向往下望就是著名的關山大崩壁。",塔關山與關山嶺山以及庫哈諾辛山合稱「南橫三星」，屬於中央山脈中段之末，在玉山國家公園範圍內。其登山口位於南橫公路上，是非常親近旅客攀登之百岳。,塔關山登山口→（2.2K，120分鐘）→ 塔關山（折返）→（2.2K，70分鐘）→ 塔關山登山口,3.17,高雄市,桃源區,2,1,520,"1.南橫公路開放時間為07:00~14:00，可由梅山口、向陽管制站進入，一般用路人下午2點後，只出不進，下午5點全線淨空。每週二及週四全日不開放。梅山口管制站（台20臨105線0K）、向陽管制站（台20臨105線44K），二端設立車牌辨識系統，車輛必需完成辨識車號登記後方可進入。
 
 
 2. 南橫公路（台20線）實施管制，詳情見「南橫公路通行專區網站」
 https://thbu3.thb.gov.tw/Modules/PassApplication/Declaration-List
 
 3. 南橫公路沿線地質脆弱，或有落石，請小心通行。",,,2.2公里,3222公尺,塔關山登山步道.gpx
137,七孔瀑布步道,137-1.jpg,"七孔瀑布位於屏東縣滿州鄉永靖村的加都魯溪上，溪源位於674公尺的老佛山，溪谷落差大，瀑布長期沖刷，形成各式深淺的池穴，當地人稱為「孔」，共有七層小瀑布組成的瀑布群，故稱「七孔瀑布」。
 
 由私人停車場進入登山口，前段為平緩的土石路，從第一孔至第七孔瀑布全長僅150公尺，不過後面全部都是垂直的攀岩路，僅能靠垂掛的繩索手腳併用的往上攀。
 
 此為枯水期限定路線，水量豐沛時將無法上攀，沿途地形陡峭，需具攀岩經驗與膽量，風災後河道易有變動，在第五孔瀑布附近有左右線交會處，由腰繞線下山較為平緩安全。",七孔瀑布位於屏東縣滿州鄉永靖村的加都魯溪上，溪源位於674公尺的老佛山，溪谷落差大，瀑布長期沖刷，形成各式深淺的池穴，當地人稱為「孔」，共有七層小瀑布組成的瀑布群，故稱「七孔瀑布」。,"七孔瀑布步道登山口→取左瀑布線→(0.3K, 5分鐘)→第一孔瀑布→(0.1K, 15分鐘)→第二孔瀑布→第三、四孔瀑布→(0.1K, 15分鐘)→第六孔瀑布→(0.1K, 15分鐘)→第七孔瀑布→折返→(0.1K, 15分鐘)→左右線交會處(取腰繞線)→(0.3K, 15分鐘)→七孔瀑布步道登山口",1.33,屏東縣,滿州鄉,2,0,500,"1.停車場為私有，地主會收取停車費。
 2.枯水期限定，大雨過後易有落石、洪水，不得前往。
 3.需備手套、著防滑鞋。",,,1公里,270公尺,七孔瀑布步道.gpx
138,阿里山國家森林遊樂區巨木群步道,138-1.jpg,"阿里山國家森林遊樂區無人不知，但是大家不一定曉得園區內有這麼一條令人驚艷的神木群棧道。
 
 阿里山神木群棧道分為二段，第一期棧道與第二期棧道，長度加起來只有1公里多一點點，全程既平緩又好走。雖然步道如此短，但是來頭可不小，不僅可以看到二處阿里山新八景(阿里山神木遺跡與神怡流瀑)，還可漫步至古意盎然的神木火車站瞧瞧蒸汽火車，整條步道上處處有神木，並有30幾棵紅檜巨木，是目前台灣神木密度最高的步道喔！",阿里山國家森林遊樂區無人不知，但是大家不一定曉得園區內有這麼一條令人驚艷的神木群棧道。,千歲檜→(25分鐘)→香林神木→(41分鐘)→神木遺跡→(1分鐘)→神木車站→(26分鐘)→神怡橋→(7分鐘)→巨木觀景台→(10分鐘)→吊橋,1.83,嘉義縣,阿里山鄉,1,1,500,"1.棧道位於阿里山國家森林遊樂區內，進入遊樂區須購買門票。
 2.阿里山森林鐵路神木站位於神木遺址旁，約為本文所介紹路線的中間點。",,,1.1公里,2222公尺,阿里山神木群棧道.gpx
139,獨立山國家步道,139-1.jpg,"日治時期為取得阿里山蘊藏豐富的林產，日人遂修建阿里山鐵路，因地形關係在獨立山建造環繞三次而達山頂的「螺旋狀三迴旋」登山鐵道，獨特的建築工法造就了世界上少見的景象，開拓鐵路史上的新頁。
 
 獨立山步道遂倚獨立山山坡以自然工法打造，為全台獨一無二與鐵道相依的登山步道，鐵道、山巒、隧道、火車、清霧忽左忽右的出現，景觀變化多端，最特殊的莫過於可從不同的方向和角度三次俯瞰樟腦寮村莊，感受著名的獨立山螺旋狀三迴旋。登上獨立山頂擁看360度的視野，最後由清朝先民開闢的獨立山古道下山，這是一趟豐富的人文鐵道生態之旅。",日治時期為取得阿里山蘊藏豐富的林產，日人遂修建阿里山鐵路，因地形關係在獨立山建造環繞三次而達山頂的「螺旋狀三迴旋」登山鐵道，獨特的建築工法造就了世界上少見的景象，開拓鐵路史上的新頁。,樟腦寮車站→獨立山國家步道登山口→第一迴旋鐵軌→第二迴旋鐵軌→第三迴旋鐵軌→獨立山頂→獨立山車站→鞍部販售區→接獨立山古道→涼亭→獨立山吊橋→獨立山古道登山口→獨立山國家步道登山口→樟腦寮車站,2,嘉義縣,竹崎鄉,1,0,500,由獨立山車站可接紅楠坑古道。,,,3.5公里,816公尺,獨立山國家步道.gpx
140,阿朗壹古道(琅嶠‧卑南道),140-1.jpg,"阿朗壹古道，又稱阿塱壹古道，古稱琅嶠卑南古道，是台灣現存最古老而且保存完整的古道。由於安朔至旭海以及港仔至佳樂水這段全台環島公路唯一的缺口，且長期以來未有人為干擾，因此保存了台灣最後的海岸原始森林及許多特有生物，來到這裡，頗有走入人間淨土之感。
 
 阿朗壹古道有許多珍貴且獨一的風貌，除了為台灣東西部交通最早官道之一、深具歷史地位外，也是保育類動物綠蠵龜與椰子蟹最後的棲息地，以及保有由林投、瓊崖海棠、鐵澀、樹蘭、台灣海藻構成的海岸原始林相；除此之外，大片美麗又特殊的海岸砂丘與南田石海灘會隨著浪潮唱著響亮又觸動心靈的歌聲，更有原住民文化的古老部落及史前文化遺址。對台灣來說，這是一條值得永遠珍藏的寶貝。",阿朗壹古道，又稱阿塱壹古道，古稱琅嶠卑南古道，是台灣現存最古老而且保存完整的古道。,旭海漁港停車場→林道→廢棄工寮→石灘→觀音鼻南口→爬坡處→休息點→下坡處→觀音鼻北口→南田石海灘→南田台26線88.6公里處,4,屏東縣,牡丹鄉,1,1,600,"1.入阿郎壹古道依規定申請者必須是團體或學術單位，需事先預約，最遲應於進入前8天提出申請。
 ＊111/1/10起每日申請進入名額包括線上名額100人、旭海社區保留名額80人、台東南田社區保留名額50人，共計230人。
 ＊111/3/1起每日申請進入名額包括線上名額170人、旭海社區保留名額80人、台東南田社區保留名額50人，共計300人。
 2.途中的觀音鼻爬升高度落差雖只有120公尺，但很陡峭，現有木階梯可走。",,,7.2公里,125公尺,阿朗壹古道(琅嶠‧卑南道).gpx
141,田寮月世界地景步道,141-1.jpg,「田寮月世界」廣泛分布在高雄市田寮區的崇德里、古亭里及內門區的瑞山里一帶，是全台最早聞名的「月世界」景觀勝地。為了讓更多人能親近這裡獨特的「惡地」地景，在崇德里的日月禪寺附近近來也舖設了參觀步道，計有「環湖步道」、「惡地步道」及「登月步道」，圍繞著山谷相連成環狀的路線，中間除經過「玉池」、「月池」、「天梯」及「弦月觀景台」等景點，還可遍覽「惡地」猶如月球表面的荒涼景色，再配合「月世界泥岩地質生態解說中心」的說明，很適合帶領全家來此進行一趟親子地質教育之旅。,「田寮月世界」廣泛分布在高雄市田寮區的崇德里、古亭里及內門區的瑞山里一帶，是全台最早聞名的「月世界」景觀勝地。,"田寮月世界第一停車場→(0.25K, 8分鐘)→玉池觀景平台→(0.3K, 8分鐘)→惡地步道入口→(0.4K, 8分鐘)→後山老井→(0.15K, 4分鐘)→木梯→(0.1K, 4分鐘)→月池→(0.3K, 12分鐘)→弦月觀景台→(0.3K, 8分鐘)→山頂土雞城→(0.4K, 8分鐘)→田寮月世界第一停車場",1,高雄市,田寮區,1,0,500,,,,2.2公里,90公尺,田寮月世界地景步道.gpx
142,柴山步道,142-1.jpg,"柴山為高雄市臨海之屏障，長久以來即為軍事重地，直到1989年才陸續開放，也因此保護了完整的天然林相和特殊的石灰岩地形景觀，並造就了台灣獼猴的棲息地；走在柴山步道中，除了可欣賞到多樣原生植物外，成群的獼猴列隊歡迎也是一種特殊的體驗。
 
 柴山步道中之「雅座」提供免費茶水，每天都有熱心義工背水上山，並煮成各式各樣的種類的茶如麥茶、薑茶、青草茶、決明子等，只要帶個茶杯就可以享受這般好意，有了義工無私的奉獻，讓人們在背水與喝水的過程中，同時領略到施與得的快樂，這裡看山看海倍感窩心。",柴山為高雄市臨海之屏障，長久以來即為軍事重地，直到1989年才陸續開放，也因此保護了完整的天然林相和特殊的石灰岩地形景觀，並造就了台灣獼猴的棲息地；走在柴山步道中，除了可欣賞到多樣原生植物外，成群的獼猴列隊歡迎也是一種特殊的體驗。,龍泉寺停車場→國泰休息站→龍泉亭→龍門亭→好漢坡岔路→中心亭→猴岩→雅座→觀猴亭→泰國谷→坪頂亭→觀景平台→好漢坡岔路→龍門亭→龍泉亭→國泰休息站→龍泉寺停車場,3,高雄市,鼓山區,1,1,500,"1.柴山步道錯綜複雜，不熟悉及不明顯的路徑千萬不要亂走，很容易迷路。
 2.沿路台灣獼猴眾多，會搶食，請勿餵食。",,,5公里,253公尺,柴山行Part4.gpx
143,二延平步道,143-1.jpg,"沿著二延平步道漫步，可穿梭於竹林與茶園之間；雲霧陣陣飄來，又悄悄散去，翠綠的景致、層層疊疊的山脈、祥和的光影，使人心情寧靜而愉悅。
 
 步道的展望相當好，可以看見玉山群峰、布袋港、嘉南水庫、曾文水庫，天氣好的時候，如果再使用望遠鏡，還可能看到高雄的85大樓和台中的基地台。為擁有開闊的視野和與高度，二延平步道成為觀賞雲海、雲瀑、日出、日落和星空的好地點。特別是冬季的午後，看著鬆軟的雲海滾滾翻騰時，腦中也浮現跳上雲海躺一躺的念頭。",沿著二延平步道漫步，可穿梭於竹林與茶園之間；雲霧陣陣飄來，又悄悄散去，翠綠的景致、層層疊疊的山脈、祥和的光影，使人心情寧靜而愉悅。,"阿里山公路(台18線)53.5K入口→(0.4k, 13分鐘)→觀景平台1→(0.3k, 14分鐘)→觀景平台2→(0.3k, 13分鐘)→二延平山(折返→(1k, 20分鐘)→阿里山公路(台18線)53.5K入口",2,嘉義縣,番路鄉,1,0,500,"1.建議出門前先查詢台18線路況。
 2.本區多雨，請攜帶雨具以備不時之需。
 3.步道輕鬆好走，建議順遊傳說村。",,,1公里,1454公尺,二延平步道.gpx
144,鵝鑾鼻步道,144-1.jpg,"鵝鑾鼻步道位於鵝鑾鼻公園內，園區內步道縱橫，宛如置身迷宮，總長度達4.3公里。
 
 步道沿途最吸引人的莫過於位列「台灣八景」之一的鵝鑾鼻燈塔。但除了燈塔外，公園內的珊瑚礁地形也大有可觀，許多嶙峋的礁石如擎天石、親吻石、古洞、冤家路等，展現了墾丁海岸怪奇的一面。近來公園又發現史前人類的遺址，增加了遠古生活的遐想。在觀海亭遠眺海景，在濱海棧道親近珊瑚礁岩植物，也是行走步道的樂趣之一。下次到鵝鑾鼻燈塔，記得到旁邊的鵝鑾鼻步道走走，一定會有意外的驚喜。",鵝鑾鼻步道位於鵝鑾鼻公園內，園區內步道縱橫，宛如置身迷宮，總長度達4.3公里。,"鵝鑾鼻公園入口→(0.4K, 15分鐘)→觀海亭→(0.35K, 10分鐘)→古洞→(0.35K, 10分鐘)→濱海棧道→(0.6K, 20分鐘)→鵝鑾鼻燈塔→(0.6K, 20分鐘)→鵝鑾鼻公園入口",1.25,屏東縣,恆春鄉,1,1,500,"1.進入園區須付門票。 全票40元、半票20元。
 2.開放時間為1-3月、11-12月：07:00～17:30；4-10月：06:30～18:30。
 3.由於園區缺乏遮陰處，入內參觀時請自行準備陽傘、帽子、礦泉水等物品。",,,2.3公里,37公尺,鵝鑾鼻步道.gpx
145,旗后(後)山景觀步道,145-1.jpg,"旗津？旗後？傻傻分不清楚？？事實上，它們是同一個地方，旗後是旗津的舊名，也有人寫為旗后。
 
 這裡是高雄的發源地，也曾是高雄最熱鬧的地區，越往高處行，便能了解當年的旗津的地位為何如此有份量。旗后山景觀步道越往上走、景色越佳，小小的高地不僅可以眺望85大樓、高雄港、西子灣還有整個旗津沙洲，旗后山頂上的三級古蹟旗後(高雄)燈塔仍辛勤指引著船隻入港，附近的二級古蹟旗后砲台雖然已卸除守護著港口的大任，但仍可欣賞古色古香的中國式「八字門」，以及兩邊門牆上以磚砌成樣式不同的「囍」字，實深具建築特色。
 
 雖然距離西子灣不遠，但是搭乘渡輪來到旗津，讓人有遠離塵囂的感覺。走在步道上，古蹟、輪船配夕陽，海風徐徐吹拂，好愜意。",旗津？旗後？傻傻分不清楚？？事實上，它們是同一個地方，旗後是旗津的舊名，也有人寫為旗后。,"旗下巷→(0.21k, 5分鐘)→瞭望台→(0.08k, 5分鐘)→高雄燈塔→(0.03k, 5分鐘)→旗後砲台→(0.22k, 5分鐘)→旗下巷",0.33,高雄市,旗津區,1,0,500,"1.鼓山、旗津輪渡站每日清晨2:00~5:00不營業。
 2.自行車及機車也可上渡輪，自行車免費，機車票價20元。
 3.旗后山三角點位於高雄燈塔旁的小圓柱上。
 4.瞭望台處可下階梯接至星空隧道、踩風大道。",,,0.54公里,50公尺,旗後山景觀步道.gpx
146,旭海草原步道,146-1.jpg,"因「旭日東昇於海」的美景而得名的旭海位在屏東的恒春半島上，緊鄰一望無際的太平洋，遼闊的視野讓「旭海日出」與「關山日落」齊名。園區內規劃了草原步道、牡丹鼻山步道和生態步道，每一條皆呈現不同的自然景觀，主要有兩個出入口：一端在「旭海草原旅遊資訊站」的停車場旁，另一端在旭海漁港附近的生態步道口（續行可接阿朗壹古道）。沿途不但能欣賞半圓形的牡丹灣、觀音鼻至出風鼻間的海岸風光、連綿起伏的草原和點綴其間的灌木叢，還能順登海拔213公尺的牡丹鼻山，天氣晴朗時，連蘭嶼和綠島也一覽無遺，適合全家扶老攜幼來此踏青健行和登高望海。
 
 一邊吹著海風、一邊徜徉在天寬地闊的草地上，遊客可依照自己的時間和體力走完全程或半圈步道，或是在兩座原住民風格的涼亭中休息賞景；行有餘力者，還可加碼有一百多年歷史的阿朗壹古道，順便探訪鄰近的水上草原和東源湖（哭泣湖），再去泡個旭海溫泉舒活一下筋骨，充份享受碧海、藍天和綠地的旭海時光。",因「旭日東昇於海」的美景而得名的旭海位在屏東的恒春半島上，緊鄰一望無際的太平洋，遼闊的視野讓「旭海日出」與「關山日落」齊名。園區內規劃了草原步道、牡丹鼻山步道和生態步道，每一條皆呈現不同的自然景觀，主要有兩個出入口：一端在「旭海草原旅遊資訊站」的停車場旁，另一端在旭海漁港附近的生態步道口（續行可接阿朗壹古道）。,"旭海草原旅遊資訊站（經草原步道）→（0.4K,10分鐘）→涼亭→（0.5K,15分鐘）→觀海亭（經生態步道）→（1.5K,30分鐘）→生態步道終點→（1.5K,40分鐘）→觀海亭（經牡丹鼻山步道）→（0.4K,15分鐘）→涼亭→（0.4K,10分鐘）→旭海草原旅遊資訊站",2,屏東縣,牡丹鄉,1,1,500,旭海草原遊樂區的開放時間為08：00~17：00；其餘時間請勿進入。,,,2.4公里,213公尺,旭海草原步道.gpx
147,玉山群峰線,147-1.jpg,"玉山山塊位於台灣的中心位置，主峰四周有東、南、西、北峰環繞，外圍還有前峰、小南山、南玉山、東小南山、鹿山與北北峰遙相呼應，宛如眾星拱月般，襯托出主峰的王者之尊。本路線自玉山西稜末端的塔塔加鞍部向東蜿蜒而上，沿途可見到林相隨海拔高度而有不同的變化，依序可見到雲杉、鐵杉、冷杉、玉山圓柏、玉山杜鵑等植物，更可見到許多高山草花植物，不畏高山環境的嚴苛，在路旁繽紛搖曳。另外西峰頂古老的山神廟、山下大片白木林及大峭壁、主峰風口的碎石坡、小南山的草坡及北鞍的杜鵑花海，玉山南峰的閉鎖曲線，以及南玉山的鋸齒狀稜脊均為本路線景觀之特色。
 
 本步道自塔塔加登山口起全程約59.2公里，大多位於海拔三千公尺以上，登山者需具備豐富之登山知識、技術及體力、耐力；尤其是玉山主峰高聳雲霄、玉山東峰岩峰陡峭及鹿山路程遙遠，更極富挑戰及冒險性。",玉山山塊位於台灣的中心位置，主峰四周有東、南、西、北峰環繞，外圍還有前峰、小南山、南玉山、東小南山、鹿山與北北峰遙相呼應，宛如眾星拱月般，襯托出主峰的王者之尊。,"第一天： 塔塔加鞍部登山口→(2.7k,110分鐘) →前峰登山口→(0.8k,90分鐘) →玉山前峰→(0.8k,75分鐘)→玉山前峰登山口→(5.8k,200分鐘) →排雲山莊(宿)
 
 第二天： 排雲山莊→(0.7k,55分鐘) →往南峰叉路口→(1.2k,100分鐘) →圓峰山屋→(5k,275分鐘) →南玉山→(5k,320分鐘) →圓峰山屋(宿)
 
 第三天： 圓峰山屋→(1.4k,115分鐘)→玉山南峰→(1.1k,50分鐘)→東小南山→(4k,270分鐘)→鹿山→(6.5k,385分鐘)→圓峰山屋(宿)
 
 第四天： 圓峰山屋→(1.2k,75分鐘) →往南峰叉路口→(1.7k,165分鐘) →玉山主峰→(1.5k,85分鐘)→玉山東峰→(1.5k,100分鐘) →玉山主峰→(2.4k,125分鐘) →玉山北峰→(2.4k,180分鐘) →排雲山莊(宿)
 
 第五天： 排雲山莊→(2.5k,100分鐘) →玉山西峰→(2.5k,75分鐘) →排雲山莊→(8.5k,230分鐘)→塔塔加鞍部登山口",120,南投縣,信義鄉,3,0,12200,"1.排雲山莊床位有限，必須在「預定入園日前一個月~兩個月間」至玉山國家公園網站參與抽籤和入園許可，前兩者通過後再申請入山證。進入本區前，應先向塔塔加警察小隊報到，查驗名冊後始可進入。
 2.塔塔加登山口禁止車輛進出，一般登山客僅能自新中橫公路上東埔停車場步行進入。
 3.本路線地勢陡峻攀爬需有充份的準備及登山裝備方可從事，尤其列為「台灣高山十峻」之一的玉山東峰及玉山南峰山勢高聳陡峭，攀登更須小心謹慎。
 4.往西峰、南峰、鹿山及南玉山等步道路跡不明，請注意指標小心行走。尤其鹿山距營地較遠且箭竹長，欲攀登者更應提早。
 5.玉山稜線縱走，稜上缺水，須攜帶足夠飲水備用。",,,59.2公里,3952公尺,玉山群峰.gpx
148,玉山後四峰登山步道,148-1.jpg,"玉山群峰以地域區分為前五峰、後四峰，而後四峰有玉山南峰(3844公尺)、南玉山(3383公尺)、東小南山(3711公尺)、鹿山(2981公尺)四座百岳，屬於較少維護的路線，時有懸崖峭壁地形，且路途遙遠，困難度較高，需要較多攀登技巧與體能。
 
 「玉山南峰」又稱閉鎖曲線峰、天龍峰、南山、新高南山等名稱，為台灣高山十峻之一，山勢高聳陡峭，無繩索防護，需具備攀岩技巧。「南玉山」為玉山向南延伸主脊上的高峰，步道前段會經過鋸齒狀稜脊和懸崖岩壁，地形險惡，但後段卻是美麗綿延的綠色箭竹草坡。「東小南山」山勢平緩起伏不大，全程走在稜線上，有極佳的視野。「鹿山」路程最為遙遠，且上上下下翻過好幾個山頭才能抵達，去程下坡居多，回程即為不斷的爬升，先甘後苦，十足考驗耐力。",玉山群峰以地域區分為前五峰、後四峰，而後四峰有玉山南峰(3844公尺)、南玉山(3383公尺)、東小南山(3711公尺)、鹿山(2981公尺)四座百岳，屬於較少維護的路線，時有懸崖峭壁地形，且路途遙遠，困難度較高，需要較多攀登技巧與體能。,"第一天：塔塔加登山口→(1.7K, 50分鐘)→孟祿亭→(3.3K, 80分鐘)→西峰下休憩亭→(3.5K, 90分鐘)→排雲山莊→(0.7K, 45分鐘)→往南峰叉路口→(1.2K, 70分鐘)→圓峰山屋
 
 第二天：圓峰山屋→(0.8K, 45分鐘)→三叉峰→(2.7K, 150分鐘)→小南山登山口→(2K, 100分鐘)→南玉山→原路折返→(2K, 150分鐘)→小南山登山口→(2.7K, 200分鐘)→三叉峰→(0.8K, 30分鐘)→圓峰山屋
 
 第三天：圓峰山屋→(1.4K, 60分鐘)→玉山南峰→(1.1K, 50分鐘)→
 東小南山→(4K, 190分鐘)→鹿山→(6.5K, 295分鐘)→圓峰山屋
 
 第四天：圓峰山屋→(1.9K, 90分鐘)→排雲山莊→(3.5K, 70分鐘)→西峰下休憩亭→(3.3K, 65分鐘)→孟祿亭→(1.7K, 35分鐘)→塔塔加登山口",96,南投縣,信義鄉,3,1,9800,"1.本路線常有地勢陡峭，路跡有時較不明顯，斷崖地形較多，必須有充份準備，注意指標，結伴同行，提早出發，避免摸黑，小心謹慎。
 2.玉山後四峰旱季容易缺水，需備足夠飲用水。
 3.行前須備妥相關資料，於預定入園前1個月至前2個月間，參加玉山國家公園管理處營地/山屋床位抽籤及入園申請，取得入園資格後再向警政單位辦理入山許可。過夜點為圓峰山屋。
 4.入園當天應先向塔塔加警察小隊報到查驗名冊後，始可進入。",,,22.4公里,3844公尺,玉山後四峰.gpx
149,南二段,149-1.jpg,"南二段位於中央山脈主脊呈雙S型，沿途可攀登八通關山、大水窟山、達芬尖山、塔芬山、轆轆山、雲峰、南雙頭山、三叉山、向陽山等多座百岳，多數團體選擇由向陽登山口起登。
 
 行走高度多在海拔三千公尺上下，有時越過斷崖、有時下切谷地、有時奮力登頂，路線變化多端。不僅可見風情萬種的杜鵑林、白木林、針葉林，也將與遼闊的高山草原和湛藍天空下的高山湖泊相遇。
 
 壯闊的崇山峻嶺間還藏著頹圮的駐在所、破碎的酒瓶，向往來旅人訴說百年前先民的血淚史，精采絕倫。",南二段位於中央山脈主脊呈雙S型，沿途可攀登八通關山、大水窟山、達芬尖山、塔芬山、轆轆山、雲峰、南雙頭山、三叉山、向陽山等多座百岳，多數團體選擇由向陽登山口起登。,"第一天：向陽森林遊樂區→(3.6k,150分鐘)→向陽山屋(宿)
 
 第二天：向陽山屋→(3.1k,170分鐘)→向陽山登山口→(0.6k,35分鐘)→向陽山→(0.6k,25分鐘)→向陽山登山口→(1.0k,45分鐘)→嘉明湖避難山屋→(3.3k,105分鐘)→三叉山登山口→(1.2k,30分鐘)→嘉明湖岔路口→(6.0k,130分鐘)→拉庫音溪山屋(宿)
 
 第三天：拉庫音溪山屋→(3.0k,180分鐘)→南雙頭山→(3.1k,155分鐘)→雲峰東峰營地→(2.6k,110分鐘)→雲峰→(2.6k,75分鐘)→雲峰東峰營地→(4.5k,170分鐘)→轆轆谷山屋(宿)
 
 第四天：轆轆谷山屋→(0.9k,60分鐘)→轆轆山登山口→(0.7k,25分鐘)→轆轆山→(0.7k,20分鐘)→轆轆山登山口→(4.3k,185分鐘)→塔芬池→(0.3k,35分鐘)→塔芬山→(1.9k,80分鐘)→塔芬谷山屋(宿)
 
 第五天：塔芬谷山屋→(2.5k,150分鐘)→達芬尖山登山口→(0.2k,20分鐘)→達芬尖山→(0.2k,10分鐘)→達芬尖山登山口→(2.9k,100分鐘)→三岔路→(2.1k,140分鐘)→南大水窟山→(1.5k,50分鐘)→大水窟山屋(宿)
 
 第六天：大水窟山屋→(2.8k,120分鐘)→大水窟山→(2.4k,90分鐘)→秀姑坪→(0.5k,20分鐘)→白洋金礦山屋→(3.3k,120分鐘)→中央金礦山屋(宿)
 
 第七天：中央金礦山屋→(2.5k,55分鐘)→巴奈伊克山屋→(1.5k,30分鐘)→八通關山登山口→(2.0k,80分鐘)→八通關山→(2.0k,50分鐘)→八通關山登山口→(2.8k,105分鐘)→觀高坪(宿)
 
 第八天：觀高坪→(8.5k,135分鐘)→樂樂山屋→(1.9k,分55鐘)→雲龍瀑布→(3.9k,110分鐘)→東埔登山口",192,高雄市,桃源區,3,0,19400,"1.觀高至八通關步道損毀須高遶。
 2.出發前請查詢路況及玉山國家公園開放狀況。
 3.南二段困難度及危險性高，若無足夠登山經驗請勿嘗試。
 4.本文列出南二段可攀登百岳，是否前往需視團隊體力、行程日數而定。",,,87.5公里,3642公尺,南二段縱走.gpx
150,南一段,150-1.jpg,"在山岳界一直有著「小關難纏、雲水無水、卑南不死、藤枝必亡」這句俗諺，道出了南一段縱走的困難，其最為困難的兩個地方：一是水源問題，另一個是 沿線的刺柏相當多，水源要祇要詳閱相關資料就可以找到，刺柏則必須打綁腿以防止。
 
 岳界所稱的「南一段」，是指南橫公路以南至卑南主山間的這一段中央山脈，其中計有庫哈諾辛山、關山、海諾南山、小關山及卑南主山等五座百岳，以及雲水山、馬西巴秀山等二座三千公尺級名山。關山，因其山勢雄偉恢宏，獨霸南臺灣，素有「南台首嶽」之稱。卑南主山，為中央山脈南段的龍頭，因為中央山脈主脊在卑南主山以南突然陷落至三千公尺以下，直到北大武山(3092公尺)才再次出現三千公尺級的高山；加上卑南主山周邊群峰簇擁，更顯出卑南主山崇峻之勢。",在山岳界一直有著「小關難纏、雲水無水、卑南不死、藤枝必亡」這句俗諺，道出了南一段縱走的困難，其最為困難的兩個地方：一是水源問題，另一個是 沿線的刺柏相當多，水源要祇要詳閱相關資料就可以找到，刺柏則必須打綁腿以防止。,"第一天：進涇橋登山口→(1.7k,155分鐘)→庫哈諾辛山屋→(1.8k,90分鐘)→庫哈諾辛山→(1.8k,75分鐘)→庫哈諾辛山屋(宿)
 
 第二天：庫哈諾辛山屋→(3.9k,340分鐘)→關山→(2.2k,210分鐘)→2920鞍營地(宿)
 
 第三天：2920鞍部營地→(2.5k,150分鐘)→海諾南山→(3.5k,190分鐘)→小關山北峰→(2.4k,170分鐘)→小關山→(4.3k,230分鐘)→雲馬鞍營地(宿)
 
 第四天：雲馬鞍營地→(1.1k,80分鐘)→馬西巴秀山→(6.4k,480分鐘)→三叉峰下營地(宿)
 
 第五天：三叉峰下營地→(0.9k,40分鐘)→卑南主山→(0.9k,30分鐘)→三叉峰下營地→(7k,480分鐘)→石山→(5.5k,350分鐘)→溪南山貨櫃屋(宿)
 
 第六天：溪南山貨櫃屋→(1.5k,120分鐘)→特生中心→(5.5k,125分鐘)→出雲山檢查哨→(1.7k,60分鐘)→藤枝林道18k處",144,高雄市,桃源區,3,1,14600,"1.此路線山仍屬山地經常管制區，欲攀登者仍須向警政機關辦理入山許可，攀登庫哈諾辛山及關山需進入國家公園生態護區，應事先向玉山國家公園管理處辦理入園許可。
 
 2.本路線曾在庫哈諾辛山發生迷路及關山附近發生墜崖等山難事件，尤其關山大斷崖，驚險萬分，更須小心。
 
 3.在關山、塔關山及關山嶺山山頂前，路況較差需用繩索輔助攀登，請小心攀登。
 
 4.水源：庫哈諾辛山屋後頭雖有儲水塔，但為防用水告罄，宜從進涇橋杯水上來；2920營地，水源在營地東側的溪澗中，為一活水源；雲水池營地只有一土泥窪地，大雨後才會積成水池，但因水質不佳，建議濾過再飲用；三叉峰下營地旁有一黑水塘，應過濾後才能飲用；溪南山貨櫃屋水源可從屋旁水塔中取用。
 
 5.南橫公路若正值梅雨、颱風季節，會讓山區土石鬆軟，常有落石、崩塌危險更加重；另遇熱脹冷縮現象，亦易致坍方落石，避免行經時無法通行，建議事先查詢最新路況，並請注意行車安全！
 
 6.南橫公路開放時間為07:00~14:00，可由梅山口、向陽管制站進入，一般用路人下午2點後，只出不進，下午5點全線淨空。每週二及週四全日不開放。梅山口管制站（台20臨105線0K）、向陽管制站（台20臨105線44K），二端設立車牌辨識系統，車輛必需完成辨識車號登記後方可進入。",,,53.1公里,3668公尺,南一段.gpx
151,北大武山單日往返,151-1.jpg,"北大武山為中央山脈南端最後一座海拔超過三千公尺以上的高山，名列台灣五嶽之一，當地排灣族視為聖山，稱之為「Meli-miligang」，意為夢幻之美！擁有全臺面積最大的原始林，蘊藏著豐富的生物資源。從舊登山口沿途行經檜谷山莊、大武祠至北大武山頂，共約9公里，海拔變化約有1549公尺，都在南臺灣自然美景的最精華區域「大武山自然保留區」及「雙鬼湖野生動物重要棲息環境」內。而最令人驚豔的著名美景則是秋冬季的雲海。
 
 近來許多山友熱衷於單攻百岳，北大武山也是熱門的單攻路線之一，雖然此路線路況大致良好且攀登者眾多，但由於路線長且海拔落差大，仍然具有一定難度。想要前往單攻的山友，務必確實評估自身能力。
 
 注意：由於行進時間極長，會有摸黑時段，請務必備妥頭燈及保暖衣物等裝備，此外，若上午 8:00 前未抵達4K岔路（檜谷山莊）則建議原路撤退。",北大武山為中央山脈南端最後一座海拔超過三千公尺以上的高山，名列台灣五嶽之一，當地排灣族視為聖山，稱之為「Meli-miligang」，意為夢幻之美！,舊登山口→(2.5K，150分鐘)→休憩區→(0.5K，30分鐘)→杜鵑林→(0.8K，50分鐘)→觀景處→(0.2K，10分鐘)→4K岔路→(1.5K，90分鐘)→紅檜巨木→(2.5K，135分鐘)→大武祠→(1K，60分鐘)→北大武山→(5K，210分鐘)→4K岔路→(4K，210分鐘)→舊登山口,15.75,屏東縣,泰武鄉,3,0,1775,"1. 北大武山單攻為高難度路線，海拔落差極大且路線距離長，非常考驗體能與腿力，若非經驗豐富且對路況熟悉之山友請勿貿然嘗試。
 
 2. 由於行進時間極長，會有摸黑時段，請務必備妥頭燈及保暖衣物等裝備，此外，若上午 8:00 前未抵達4K岔路（檜谷山莊）則建議原路撤退。
 
 3. 莫拉克颱風後，車輛無法行駛至舊登山口，由新登山口至舊登山口約需步行 2.8 公里，約 120 分鐘。
 
 4. 夏季午後容易下雨，須特別注意。",,,9公里,3092公尺,北大武山一日單攻.gpx
152,知本林道縱走雙鬼湖,152-1.jpg,"本路線從知本林道，經大小鬼湖往中央山脈南南段陷落區出中興林道，長程稜線位於新舊地層交接，卑南見晴出雲的年輕破碎的地層，以及內本鹿萬山以南大小鬼湖的古老地層，全段林相原始茂密，動植物多元繁生，並有台灣最深、最美的天然高山湖泊，此區同時也孕育台灣最大面積的台灣杉，為夢幻謎樣、艱困挑戰卻迷人的縱走行程。
 
 大、小鬼湖，為魯凱族人心目中的聖湖，傳說是百步蛇神共享給魯凱族祖先的水源聖地及祖先靈魂居住的地方。縱走路線兩端入口分別為東(知本林道)及西(中興林道)，可採東進西出或西進東出。沿途路徑原始自然且林道部分崩塌、具危險性，請務必具備優良的路徑辨識能力及困難地形繩索架設登山技能。",本路線從知本林道，經大小鬼湖往中央山脈南南段陷落區出中興林道，長程稜線位於新舊地層交接，卑南見晴出雲的年輕破碎的地層，以及內本鹿萬山以南大小鬼湖的古老地層，全段林相原始茂密，動植物多元繁生，並有台灣最深、最美的天然高山湖泊，此區同時也孕育台灣最大面積的台灣杉，為夢幻謎樣、艱困挑戰卻迷人的縱走行程。,"Day1：知本林道7k廢棄檢查哨→(1.5K,40分鐘)→8.5K大崩壁→(0.5K，30分鐘)→9K大白榕→(2K，40分鐘)→11K最後水源→(3K，200分鐘)→見晴山岔→(2K，180分鐘)→加大奈最高峰→(0.5K，15分鐘)→加大奈山瞭望台(宿)
 
 Day2：加大奈山瞭望台→(1.5K，90分鐘)→危崖地形通過→(1.5K，120分鐘)→獵寮營地→(1K，90分鐘)→1528峰→(1K，90分鐘)→知本林道鞍部營地(宿)
 
 Day3：知本林道鞍部營地→(1K，60分鐘)→石縫地形通過→(1K，100分鐘)→喀特博拉溪→(2K，90分鐘)→寧靜池→(1K，60分鐘)→綠精靈營地→(2K，90分鐘)→知本主山→(2K，60分鐘)→綠精靈營地→(0.3K，15分鐘)→(30分鐘)→小鬼谷→(30分鐘)→小鬼湖營地(宿)
 
 D4：小鬼湖營地→(5K，200分鐘)→芒草谷地→(1K，30分鐘)→紅鬼湖登山口→(1K，90分鐘)→大浦山→(0.2K，20分鐘)→紅鬼湖/黑鬼湖→(1K，50分鐘)→紅鬼湖岔→(2.5K，60分鐘)→崩塌地→(6K，180分鐘)→知本林道上線營地(宿)
 
 D5：知本林道上線營地→(2K，120分鐘)→鞍部獵寮營地→(2K，150分鐘)→拜燦山→(2K，180分鐘)→南遙拜山→(1K，90分鐘)→2288峰南鞍營地(宿)
 
 D6：2288峰南鞍營地→(1K，90分鐘)→遙拜中峰→(0.5K，45分鐘)→遙拜池岔→(0.5K，30分鐘)→遙拜池→(0.5K，50分鐘)→遙拜池岔→(1K，90分鐘)→遙拜山→(1K，60分鐘)→大鬼湖(宿)
 
 D7：大鬼湖→(1K，60分鐘)→山花奴奴溪匯流口→(1K，60分鐘)→山花奴奴溪→(3K，180分鐘)→歡喜山→(0.6K，40分鐘)→雨谷亭營地(宿)
 
 D8：雨谷亭營地→(3.5K，240分鐘)→檜木營地→(3K，200分鐘)→倫原山登山口→(0.7K，40分鐘)倫原山→(0.7K，30分鐘)→倫原山登山口→(0.4K，20分鐘)→小賴獵寮→(2K，180分鐘)→沙溪林道營地(宿)
 
 D9：沙溪林道營地→(3K，150分鐘)→大母母山登山口四岔路→(1K，60分鐘)→大母母山→(1K，40分鐘)→大母母山登山口四岔路→(4.5K，150分鐘)→中興林道登山口→(2.5K，60分鐘)→中興林道7K",216,高雄市,茂林區,3,1,21800,"1.大鬼湖擁有東亞最高樹種臺灣杉的原始林，進入大鬼湖須先向行政院農業委員會林務局屏東林區管理處(屬大武山自然保留區)申請，經核准後再向警政署辦理甲種入山證。
 2.林道沿途有多處崩塌，部分山徑濕滑、獵徑交錯，需小心通過和判定方向，務必攜帶岩盔、繩索等器材，並具備優良路徑辨識能力、困難地形繩索架設等登山技能。",,,74.9公里,2419公尺,知本林道縱走雙鬼湖(大鬼湖_小鬼湖).gpx
153,鞍輪名山山徑,153-1.jpg,鞍輪名山和大竹溪山雙峰相隔不遠，被山友稱為「那瑪夏雙尖」。鞍輪名山原本可以由小林林道登頂，八八風災之後，因為小林林道和高中林道中斷，造成這兩座山鮮有人煙，直到 2018-2019 才由「標哥」等人四度辛苦開路，重新把鞍輪名山「西北稜」的路徑開闢出來，使得此山能夠輕裝單攻。但縱使如此，目前西北稜路線仍多困難危險地形，登臨不易。,鞍輪名山和大竹溪山雙峰相隔不遠，被山友稱為「那瑪夏雙尖」。,台29線6.5K處→（2.6K，70分鐘）→ 廢寮（2.6K）→（2.1K，130分鐘）→ 飛鼠營地→（0.5K，20分鐘）→ 標哥營地（5.2K)→（1.4K，120分鐘）→ 鞍輪名山（6.6K）→（折返）→（1.4K，110分鐘）→ 標哥營地（5.2K)→（0.5K，20分鐘）→ 飛鼠營地→（2.1K，120分鐘）→ 廢寮（2.6K）→（2.6K，70分鐘）→ 台29線6.5K處,11,高雄市,甲仙區,2,0,1300,"1. 注意有困難地形：3.7K處有崩塌瘦稜，5.8K處有垂升土坡。
 
 2. 注意路上有黃藤。",,,6.6公里,1661公尺,鞍輪名山山徑.gpx
154,石南山登山山徑,154-1.jpg,"位於多納部落溫泉溪上游的石南山是多納六秀之第二秀，是高雄市茂林區與屏東縣三地門鄉的界山之一，可以從高雄的多納林道或是屏東的沙溪林道進入，在八八風災之前屬於輕鬆好走的路線，八八風災過後，多納林道和沙溪林道崩塌嚴重，車輛管制通行，前往石南山必須先徒步超過十公里的林道，其中還得橫渡三百公尺的崩塌地才能抵達登山口，使得這座山成為非常冷門的山頭。
 
 石南山頂四周長滿雜亂的樹林，毫無展望可言，即使身高過人，也僅能勉強望見位於南方近處的大母母山頭，但是在登頂前一處樹林開闊處可以往東北方遠眺中央山脈南一段。此處的動植物生態相當豐富，特別是時常可見大冠鷲、黑鳶、台灣松雀鷹、鳳頭蒼鷹及灰面鵟鷹在天空中盤旋，是此處最大的特色。",位於多納部落溫泉溪上游的石南山是多納六秀之第二秀，是高雄市茂林區與屏東縣三地門鄉的界山之一,,8,高雄市,茂林區,2,1,1000,"1. 多納林道僅開放一般通行至 5.6K 之管制柵門，如需開車進入須依規定向林道管理機關提出申請。
 
 2. 多納林道大部分路段狀況相當良好，但 13.2K 至 13.5K 處之崩塌處有墜落之風險，務必謹慎通過。",,,11公里,1948公尺,石南山登山山徑.gpx
155,幾阿佐名山登山步道,155-1.jpg,幾阿佐名山，尖尖的山形有「金字塔山」之別稱，路程稍長，來回約需8~10小時，前段產道寬大好走，沿途多在竹林及茂密的樹林之中行進，上稜線後有岩稜、瘦稜需攀爬，瘦稜旁一瀉千里的崩壁區，是全段唯一較危險之處，已有山友架繩，小心通過即可，高大的芒草空隙中可俯瞰楠梓仙溪，眺望卓武山、隙頂山等群山層疊，漫長的稜線需經過四座無名山頭，最後看到石洞獵寮，不久即登頂幾阿佐名山，山頂位於樹林之中，無視野。,幾阿佐名山，尖尖的山形有「金字塔山」之別稱,"卓武山咖啡農場→(5.3K, 150分鐘)→產道終點→(3K,150分鐘)→幾阿佐名山→原路折返→(3K, 120分鐘)→產道終點→(5.3K, 120分鐘)→卓武山咖啡農場",9,嘉義縣,阿里山鄉,2,0,1100,"1.登山口有二處：
 A.傳統路線：由阿里山鄉山美村分駐所後方產業道路，需搭四驅車約1.5小時至登山口。
 B.新路線：由高雄市那瑪夏區竹子屋部落聯絡道的卓武山咖啡農場起登，全程於樹林，免日曬，是較為省力且安全的路線，往返約8~10小時。
 
 2.亦可安排與鄰近的卓武山環形一圈，唯路徑岔路多，最好有熟悉路況者帶路。",,,8.3公里,1824公尺,幾阿佐名山登山步道.gpx
156,足母山步道,156-1.jpg,"足母山位於高雄市茂林區，座落於多納部落東北方，由多納巷的廢棄工寮，涉過溫泉溪床後，即可看到足母山登山口，切入山徑樹林後一路陡上，可說是十分陡峭。
 
 途中有多處魯凱族特色的石板屋駁坎遺跡、廢棄電桿、廢棄礙子等，開闊處可眺望足母山的英姿，以及遠方的石南山、京大山等山峰。
 
 足母山的山頂為頁岩地質，登頂點後路況轉為石板岩塊錯落於陡坡間，岩質易碎裂及滑動，上下山均要小心行走，此段視野開闊，青山層疊、溪谷蜿蜒，山頂有一座鐵皮的廢棄瞭望台，是昔日林務局設置的防火瞭望台。",足母山位於高雄市茂林區，座落於多納部落東北方，由多納巷的廢棄工寮，涉過溫泉溪床後，即可看到足母山登山口，切入山徑樹林後一路陡上，可說是十分陡峭。,"多納巷底廢棄工寮→(0.4K, 10分鐘)→足母山登山口→(0.6K, 60分鐘)→石板屋遺址1→(0.6K, 60分鐘)→石板屋遺址2→(0.8K, 60分鐘)→攻頂點→(0.6K, 60分鐘)→足母山→原路折返→(3K, 210分鐘)→多納巷底廢棄工寮",7.67,高雄市,茂林區,2,1,970,"1.溫泉溪每年溪況不同，至登山口需脫鞋涉溪，天候不佳、大雨過後勿前往。
 2.登頂後回程易走錯方向，記得怎麼來、怎麼回。",,,3公里,1071公尺,足母山步道.gpx
157,田良井山步道,157-1.jpg,"田良井山位於屏東縣三地門鄉，舊達來部落後方深遠的一座山峰，昔日是北排灣族部落的山域。
 
 腰繞在原始的山林路徑中，沿途可見舊達來部落遺跡，茂盛的植物淹沒窄小的路徑，一路披荊斬棘，小心的沿著山坡路徑而行，潮濕、悶熱也是南台灣中級山的特色之一，經過找路、探路、砍草，走過稜、陡坡，攀過崩塌危險地形後，終於抵達路途遙遠的田良井山，可說是一條蓽路藍縷的路線，沿途可望德文山、大母母山、麻留賀山、北大武山、南大武山等群山美景。",田良井山位於屏東縣三地門鄉，舊達來部落後方深遠的一座山峰，昔日是北排灣族部落的山域。,"達來吊橋入口→(0.3K, 10分鐘)→辭職坡岔→(1.7K, 40分鐘)→舊部落岔→(1.6K, 40分鐘)→五岔路口→(2.6K, 120分鐘)→鞍部空地岔→(0.8K, 30分鐘)→田良井山→原路折返→(7K, 210分鐘)→達來吊橋入口",7.5,屏東縣,霧臺鄉,2,0,950,"1.進入舊達來部落，需申請入山許可。
 2.舊達來部落人煙罕至，排灣族習俗禁忌多，連當地居民都不會隨便上山，宜參加當地部落的生態旅遊團，由專人帶領，以免誤闖禁區。
 3.辭職坡步崩塌嚴重勿行。
 4.五岔路口至前峰來回60分鐘，至西峰來回60分鐘；鞍部空地岔至西南峰來回60~90分鐘(路況較不明)。",,,7公里,1367公尺,田良井山步道.gpx
158,小鞍輪名山步道,158-1.jpg,"小鞍輪名山座落於高雄市那瑪夏區南沙魯里，登山口位於台29線10.7k處，那托爾溪旁的南沙魯賞螢步道進入，步道口可欣賞山型尖銳的無名峰，循著賞螢步道好走的水泥路至終點涼亭後，陡上切入山徑，直上瘦稜後視野大開，老人北溪對岸一對尖聳雙峰，氣勢十足的鞍輪名山與大竹溪山，層疊綿延，小心拉繩經過瘦稜、崩塌路段，再接上廢林道，經1331峰、鞍部獵寮、亂石區，沿途有大樹、板根林相壯觀，上稜線不久即抵達小鞍輪名山，山頂樹林間有大腹地可休息。
 
 回程可順道至南沙魯山/820m，山字森林三角點遺失，剩斷頭水泥柱，叉路往返約20分鐘。",小鞍輪名山座落於高雄市那瑪夏區南沙魯里，登山口位於台29線10.7k處，那托爾溪旁的南沙魯賞螢步道進入，步道口可欣賞山型尖銳的無名峰,"南沙魯賞螢步道入口→(0.9K, 20分鐘)→涼亭(賞螢步道終點)→(0.5K, 30分鐘)→南沙魯山叉→(1.7K, 90分鐘)→1331峰→(0.9K, 60分鐘)→亂石區→(0.3K, 20分鐘)→小鞍輪名山→原路折返→(4.3K, 180分鐘)→南沙魯賞螢步道入口",6.67,高雄市,那瑪夏區,2,1,870,,,,4.3公里,1578公尺,小鞍輪名山步道.gpx
159,石可見山、著地螺留山步道,159-1.jpg,"石可見山，位於屏東縣春日鄉與來義鄉交界，又稱「岐喀丹山」，為老七佳部落的祖靈聖地，海拔1621公尺，與登山口落差約1100公尺，林相原始，路況陡峭險峻，適合具有登山經驗者。
 
 沿途有危險瘦稜及杜鵑純林，沿途有二個控制點，山頂林間有三等三角點，稜線展望佳，可眺望大漢山、貝瑪努山、久保山、南久保山、卡山，大武藏山崩壁直洩溪底，極為壯觀。途中會經過石可見山西南峰，並非明顯山頭，有省府圖根補點。
 
 著地螺留山，與石可見山的登山口同位在鞍部，落差較小，但路徑不清楚，有捕獸器，實在也不輕鬆，沿途可俯瞰七佳溪、老七佳部落及眺望鄰近群山。",石可見山，位於屏東縣春日鄉與來義鄉交界，又稱「岐喀丹山」，為老七佳部落的祖靈聖地，海拔1621公尺，與登山口落差約1100公尺，林相原始，路況陡峭險峻，適合具有登山經驗者。,"老七佳部落登山口→(0.1K, 5分鐘)→鐵柵門→(2.9K, 60分鐘)→越嶺鞍部→(1.1K, 30分鐘)→石可見山西南峰→(0.5K, 50分鐘)→危險瘦稜→(0.9K, 40分鐘)→杜鵑純林→(0.5K, 40分鐘)→石可見山→(3K, 90分鐘)→越嶺鞍部→(0.9K, 30分鐘)→著地螺留山→(0.9K, 30分鐘)→越嶺鞍部→老七佳捷徑叉路口→(1.1K, 45分鐘)→老七佳部落登山口",7,屏東縣,春日鄉,2,0,900,"1.需申請入山許可。
 2.老七佳部落遺址為排灣族祖靈居住之所，習俗禁忌多，進入遺址前要先祭拜、告知祖靈來意，外人私闖會驚擾祖靈聖地，是族人的大忌，宜參加當地部落的生態旅遊團，由專人帶領，以免誤闖禁區。
 3.進入原住民遺址，請勿喧嘩保持靜肅，禁止搬動或移置遺址內任何石板材料，遵守文化資產保存法相關規定。",,,11.9公里,1621公尺,石可見山、著地螺留山步道.gpx
160,新阿溪縱走,160-1.jpg,"「溪阿縱走」是民國60～70年間熱門的健行路線，沿線有林道、森林、神木、鐵道、車站等景觀，因颱風及地震造成路線崩塌而中斷。
 
 「新阿溪縱走」是由阿里山森林遊樂區進入，走入已停駛的阿里山森林鐵道眠月線，經塔山、眠月、石猴等車站，沿途景色壯麗，倘佯在原始自然的森林之中，以及攀登海拔2557的「松山」，稜線可展望同富山、馬博拉斯山、秀姑巒山、玉山群峰，拜訪台灣第4大神木「眠月神木」，再至最夢幻的堰塞湖「水漾森林」，享受天然的山光水色，再由亞杉坪林道出杉林溪森林生態園區。",「溪阿縱走」是民國60～70年間熱門的健行路線，沿線有林道、森林、神木、鐵道、車站等景觀，因颱風及地震造成路線崩塌而中斷。,"D1：阿里山國家森林遊樂區→(3K, 30分鐘)→大塔山登山口→(0.9K, 30分鐘)→隧道崩塌點→(1.5K, 30分鐘)→塔山車站→(2.8K, 110分鐘)→眠月車站→(1.7K, 30分鐘)→石猴車站(宿)
 
 D2：石猴車站→(2K, 90分鐘)→松山→(2.5K, 70分鐘)→酒瓶營地→(0.9K, 80分鐘)→眠月神木叉路→(1K, 40分鐘)→眠月神木→(1K, 20分鐘)→眠月神木叉路→(0.7K, 40分鐘)→水漾森林(宿)
 
 D3：水漾森林→(1.9K, 75分鐘)→鹿屈山叉→(1.7K, 50分鐘)→工寮→(4.9K, 100分鐘)→鹿屈林道叉→(0.7K, 30分鐘)→仁亭登山口(杉林溪森林生態園區)",72,嘉義縣,阿里山鄉,2,1,7400,"1.石猴(眠月)線森林鐵路，為山地特定管制區範圍，需申請入山證。自102年8月9日嘉育字第1025241537號函通告，停止核發進入該區之入山許可證之申請。
 https://nv2.npa.gov.tw/NM103-604Client/
 2.由阿里山國家森林遊樂區或杉林溪森林生態園區進入，皆須購買門票。
 3.杉林溪森林生態園區遊園車單程40元/人，早上七點半首發。園區內的車輛管制時間為7~17點，若避開管制時間，車子可直接駛到距離登山口最近的「藥花園」附近停車格停車。
 4.隧道坍塌處危險，需小心通過；隧道內黑暗，需打開頭燈照明。
 5.眠月線至塔山車站，鐵道木橋潮濕易滑，請小心行走。
 6.沿途活水源共有四處：a.塔山車站前隧道內有接水桶。b.石猴車站前石壁水源。c.水漾森林。d.亞杉坪林道工寮。",,,27.2公里,2557公尺,新阿溪縱走.gpx
161,兒玉山(自忠山)、東水山、北霞山連走,161-1.jpg,"兒玉山，又名自忠山，山頂視野佳，可眺望石水山、鹿林山、麟趾山、玉山群峰、大凍山、芙蓉山、塔山連稜、東水山等。
 
 東水山，是曾文溪流域的最高峰，為嘉義12名山之一，也是此行的最高峰，山頂無視野。
 
 北霞山，為阿里山三霞之首，昔日阿里山林場的範圍，山頂腹地平坦廣闊，可遠眺鹿林前山、石水山連稜。
 
 自特富野古道入口起登，約50公尺後即與古道分道而行，沿途巨木參天，山葵園、柳杉林、杜鵑林、箭竹林、雜木林、翠蕨區等林相變化多端，寧靜優美，涼爽舒適，松針鋪地柔軟如毯，苔蘚密布綠意盎然，陣陣檜木香味飄散於空中，令人神清氣爽。
 
 步道路徑清楚，僅箭竹林較易迷失，北霞山回程至東水山岔路前均為緩上坡，宜留意時間與體力的掌控。",兒玉山，又名自忠山，山頂視野佳，可眺望石水山、鹿林山、麟趾山、玉山群峰、大凍山、芙蓉山、塔山連稜、東水山等。,"特富野古道入口(自忠端)→(1.1K, 60分鐘)→兒玉山岔路→(0.3K, 15分鐘)→兒玉山(自忠山)→(1.2K, 50分鐘)→東水山岔路→(0.1K, 8分鐘)→東水山→(1.6K, 57分鐘)→最低鞍部→(0.6K, 25分鐘)→2530峰→(1.5K, 60分鐘)→北霞山→原路折返→(5.6K, 200分鐘)→特富野古道入口(自忠端)",7.92,嘉義縣,阿里山鄉,2,0,990,鑽箭竹林時留意布條，不要亂鑽，小心迷路。,,,6公里,2610公尺,兒玉山(自忠山)、東水山、北霞山連走.gpx
162,杉豐縱走(水漾森林、眠月神木、千人洞),162-1.jpg,"「杉豐縱走」是中部有名的路線之一，為溪阿縱走、豐阿縱走的改良版路線。
 
 從杉林溪仁亭登山口出發，途中登頂鹿屈山前峰、鹿屈山，夜宿有如夢幻仙境的水漾森林，欣賞水漾森林湖水映著湛藍天空呈現寶藍色澤，時而雲霧飄渺有如置身迷霧森林之中，千變萬化的湖光山色，令人陶醉。
 
 隔日拜訪台灣第四大神木「眠月神木」，是一棵4100歲的紅檜，巨大高聳的英姿，讓人顯得渺小。循著石鼓盤溪進入森林，沿途林相原始蓊鬱，樟木、檜木芬香撲鼻，令人神清氣爽。隨即鬼斧神工的「千人洞」呈現在眼前，壯觀的天然景觀，蟲鳴鳥叫在洞裡迴盪，令人讚嘆不已。續經「臥船洞」、「仙樹抱石」等自然景觀，讓人一路精彩不斷。",「杉豐縱走」是中部有名的路線之一，為溪阿縱走、豐阿縱走的改良版路線。,"第一天：仁亭登山口→(1.3k, 50分鐘)→林道交會點→(1.4k, 60分鐘)→鹿屈山前鋒→(2.6k, 70分鐘)→鹿屈山→(0.9k, 25分鐘)→土地公廟→(0.6k,15分鐘)→管護所→(3.2k, 85分鐘)→水漾森林(宿)",48,嘉義縣,阿里山鄉,2,1,5000,"1.需兩地接駁。
 2.杉林溪森林生態園區遊園車單程40元/人，早上七點半首發。園區內的車輛管制時間為7~17點，若避開管制時間，車子可直接駛到距離登山口最近的「藥花園」附近停車格停車。
 3.豐山村行豐吊橋往千人洞、水漾森林等地區，為山地特定管制區範圍，需申請入山證。自102年8月9日嘉育字第1025241537號函通告，豐山村行豐吊橋往水漾森林之山徑，地質脆弱，經常發生山崩落石，山難事故頻傳，為維安全，停止核發進入該區之入山許可證之申請，請勿強行進入。
 4.沿途多有拉繩攀爬山壁路段，且多濕滑，為有難度的路線，需小心行走。",,,17.6公里,2288公尺,眠月神木、千人洞(杉豐縱走).gpx
163,脈脈山、雞子山連走,163-1.jpg,"脈脈山、雞子山，位於嘉義縣阿里鄉達邦村，兩山連稜林相優美，有「五星級登山路線」、「神仙秘境」等美稱。其中脈脈山為嘉義十二名山之一，山頂腹地大、視野佳，可眺望玉山群峰、三叉山、雲峰、關山等南橫沿線百岳，雞子山山頂腹地小無展望，但登頂前的草坡展望極佳。
 
 由秘密遊民宿附近的捷徑登山口進入林道，沿途經楓香林、山櫻、茶園、孟宗竹林，風景優美，令人心曠神怡，進入山徑後，蒼鬱的原始山林，巨木參天，翠巒層疊，美不勝收。
 
 亦可安排二日輕鬆遊，盡情享受山林之美，途中林道有水源，可在林道盡頭廢棄工寮空地紮營。",脈脈山、雞子山，位於嘉義縣阿里鄉達邦村，兩山連稜林相優美，有「五星級登山路線」、「神仙秘境」等美稱。其中脈脈山為嘉義十二名山之一,"捷徑登山口→(1.8K, 30分鐘)→捷徑三叉路→(4.3K, 100分鐘)→林道登山口→(0.2K, 15分鐘)→脈脈山入口→(0.2K, 15分鐘)→脈脈山→(0.2K, 10分鐘)→脈脈山入口→(2.4K, 100分鐘)→凹谷→(0.9K, 50分鐘)→雞子山→原路折返→(3.5K, 120分鐘)→林道登山口→(6.1K, 100分鐘)→捷徑登山口",9,嘉義縣,阿里山鄉,2,0,1100,"1.登山口有二處：
 a.稜線登山口(169縣道43.9k)：為舊登山口，經八八風災摧殘，路況不佳易迷路，建議由捷徑登山口進入。
 b.捷徑登山口(169縣道40.1K)，由秘密遊民宿的林道進入，車行至水泥路盡頭停車，步行進入林道，至林道盡頭約6.1公里。
 2.路程較長，安排單天往返，需摸早黑出發，控管時間，避免摸黑下山。",,,9.8公里,2398公尺,脈脈山、雞子山連走.gpx
164,梅峰古道,164-1.jpg,"梅峰古道暗藏玄機，是一條十分有趣的步道。它位於嘉南平原與山脈交界的梅嶺地區，擁有良好的視野，可以遠眺嘉南平原及曾文水庫。
 
 早年當地居民上山採集或下山購物經常往返於梅峰古道，如今飄香的百年老樟樹仍佇立在原地靜靜看著時代的變遷，步道沿途也開拓了綠油油的茶園，種植了聖誕紅、梅花和紫牡丹，甚至還復育了滿山的野百合，花兒依序綻放，無論在哪個季節造訪都會令人讚嘆。每年四至五月，古道搖身一變成為熱鬧的夜間舞台，螢火蟲開心地飛舞，遊客則快樂地觀賞著都市裡難得一見的景象。
 
 走在步道上，別忘了低頭看看腳底下的石板。當地社區發展協會發揮巧思，在一塊塊的石板上刻了應景的歌詞和注意事項增添行走的趣味。下山前若有空閒，不妨也嘗嘗當地的名產，作為身心靈皆飽足行程的快樂結尾。",梅峰古道暗藏玄機，是一條十分有趣的步道。它位於嘉南平原與山脈交界的梅嶺地區，擁有良好的視野，可以遠眺嘉南平原及曾文水庫。,大眾飲食店→(10分鐘)→涼亭→(40分鐘)→木造觀景台→(20分鐘)→梅峰(折返)→(50分鐘)→大眾飲食店,2,臺南市,楠西區,1,1,500,"1.行至步道終點，建議回程可改走伍龍步道或觀音步道。
 2.如果時間、體力許可，建議順遊獵鷹尖與一線天。
 3.玉井至梅嶺公車班次不多，須注意發車時間。",,,2.2公里,1059公尺,梅峰古道.gpx
165,關子嶺雞籠山步道,165-1.jpg,"雞籠山步道位於台南市白河區關子嶺附近，屬於大棟山系的一部分。大棟山系雖然海拔不高，但靠近嘉南平原，走在稜線視野開闊處，展望居高臨下，視野甚佳。
 
 而由於關子嶺早在清康熙年間就已開發，附近山區有許多名山古剎，健行其中順探訪這些清幽廟宇，也是一大樂趣。另由於雞籠山山徑上有幾片梅園，近年來賞花風氣日盛，每當隆冬梅花花季時節，滿園白花暗香浮動，賞花的遊人如織，使得雞籠山成為南台灣熱門的賞梅山徑。",雞籠山步道位於台南市白河區關子嶺附近，屬於大棟山系的一部分。大棟山系雖然海拔不高，但靠近嘉南平原，走在稜線視野開闊處，展望居高臨下，視野甚佳。,"紫雲殿仙祖廟停車場→（0.6K,20分鐘）→往土地公廟叉路→（0.5K,20分鐘）→大棟山登山步道水泥牌，取左往雞籠山(右往大棟山)→（2K,70分鐘）→雞籠山→（2K,60分鐘）→大棟山登山步道水泥牌→（0.5K,15分鐘）→往土地公廟叉路→（0.6K,15分鐘）→紫雲殿仙祖廟停車場",3.33,台南市,白河區,1,0,530,"1. 本路線路程不長，難度亦不高，但本健行步道有許多分歧，通往附近多座附近郊山。雞籠山步道旁有立里程樁，請小心跟隨並辨認方向。
 2.紫雲殿仙祖廟停車場停車位不多，若停滿請在更之前的關嶺分校停車。(往土地公廟方向亦有停車場，但道路窄小不易迴車，因此不建議停土地公廟)
 3.附近另有台南市最高峰「大凍山」，行有餘力可一併遊覽。",,,3.1公里,878公尺,關子嶺雞籠山步道.gpx
166,竹子尖山步道,166-1.jpg,"竹子尖山座落在梅嶺風景區上方，為台南市第二高峰，登頂途中可俯瞰大凍山脈、嘉南平原、曾文水庫和南化水庫，天氣晴朗時甚至能遠眺玉山群峰，還有機會欣賞日出、雲海、夕陽和夜景，可說是一座四季皆宜、雅俗共賞的台灣小百岳。
 
 由梅嶺的二層坪停車場出發，主要有四條步道可前往竹子尖山，由北至南分別是：梅峰、伍龍、觀音和梅龍步道，最後都會經由稜線步道抵達竹子尖山，山頂的氣象局雨量測報站是最醒目的地標，建議上下山時選擇不同的步道，走一圈環狀路線，沿途瀏覽不一樣的景致；尤其是隆冬梅花盛開時和四五月間的螢火蟲季，登高望遠和賞花賞螢的民眾更是絡繹不絕！踏青之餘，不妨順道品嘗梅子雞大餐、泡龜丹溫泉，無需一番寒徹骨，即可享受撲鼻的梅花香和梅嶺好風光！",竹子尖山座落在梅嶺風景區上方，為台南市第二高峰，登頂途中可俯瞰大凍山脈、嘉南平原、曾文水庫和南化水庫，天氣晴朗時甚至能遠眺玉山群峰，還有機會欣賞日出、雲海、夕陽和夜景，可說是一座四季皆宜、雅俗共賞的台灣小百岳。,"二層坪停車場→（0.5K,20分鐘）→觀音寺（經觀音步道）→（1.1K,40分鐘）→稜線→（0.3K,10分鐘）→竹子尖山（經梅龍步道）→（1.8K,40分鐘）→梅子雞餐廳→（0.3K,10分鐘）→二層坪停車場",2,臺南市,楠西區,1,1,500,"1.因梅嶺道路（南188線灣丘路段5K至9K）狹窄、蜿蜒有陡坡，大客車只能通行至梅嶺資訊站，請小心駕駛，注意行車安全。
 
 2.梅龍步道前半段的水泥農路易長青苔，路面較滑，通過時請特別留意；觀音步道前段為之字形的梅園產業道路，後段為登山步道，兩條步道皆有少數路段需拉繩輔助攀登。",,,4公里,1110公尺,竹子尖山步道.gpx
167,伍龍步道,167-1.jpg,"伍龍步道早期是林務局伐木運送之林道，後改為農用道路，是梅嶺地區四條步道中最為平緩易走的路線，由伍龍殿出發，殿前視野佳，可俯瞰楠西市區、眺望大崖山、斗六山，步道兩旁梅樹繁密集中，梅花盛開季節，落花繽紛，有如白雪紛飛，充滿詩情話意。
 
 途經「出水仔」為螢火蟲復育區，每到4月中旬數萬隻螢火蟲漫天飛舞，蔚為壯觀，行至開闊處可眺望曾文水庫、大棟山美麗的湖光山色。
 
 終點至飯包山福德祠，可順登飯包尖山，海拔1024公尺，山頂有蓄水池及廢棄天線座，無基點，視野極佳，可遠眺北大武山。",伍龍步道早期是林務局伐木運送之林道，後改為農用道路，是梅嶺地區四條步道中最為平緩易走的路線，由伍龍殿出發，殿前視野佳，可俯瞰楠西市區、眺望大崖山、斗六山，步道兩旁梅樹繁密集中，梅花盛開季節，落花繽紛，有如白雪紛飛，充滿詩情話意。,"伍龍殿→(2.1K, 50分鐘)→飯包山福德祠(控制點)→(0.3K, 10分鐘)→飯包尖山→(0.5K, 20分鐘)→雀榕巨木→(0.2K, 10分鐘)→飯包山福德祠→(2.1K, 40分鐘)→伍龍殿",2,臺南市,楠西區,1,0,500,"1.控制點位於飯包山福德祠後方小山丘上。
 
 2.鄰近步道：
 a.梅峰古道：早年為南化關山通往楠西的交通要道，步道有石階、產業道路混合，由大眾餐廳停車場出發至梅峰，沿途有野百合花海及百年巨樟，木棧平台視野開闊，風景優美，步道長約2.3公里，單程步程約60分鐘。
 b.觀音步道：由觀音寺至稜線步道的觀景坪，步道較為濕滑，需拉繩而上，步道雖最短，但卻陡峭有挑戰，約1.8公里，單程步程約60分鐘。
 c.梅龍步道：由梅龍餐廳至竹子尖山，前半段為產道，後半段是山林小徑較滑，屬運動路線，也是梅嶺步道最長的一條，約2.5公里，單程步程約70分鐘。
 d.稜線步道：串連梅嶺四條步道，北起飯包山福德祠，經梅峰(1059m)、觀景坪，終點抵小百岳竹子尖山(1109m)，約2.2公里，單程步程約60分鐘。中間岔路可至百年的雀榕巨木及紫斑蝶谷。",,,2.6公里,1024公尺,伍龍步道.gpx
168,水火同源登山步道,168-1.jpg,"關仔嶺碧雲寺-水火同源登山步道，簡稱「碧雲火泉步道」，位於台南關子嶺風景區，由碧雲寺三寶殿旁出發，步上緩緩的枕木及碎石階梯，原始自然的樹林，綠蔭夾道，微風吹動樹梢，樹葉竹濤聲響不絕於耳，沿途欣賞枕頭山翠綠山巒景致，以及20~30公尺高的凝灰岩巨石洞。
 
 步道終點即為「水火同源」，又名「水火洞、水火河」，石壁上冒出天然氣，點火後不會熄滅，而崖壁又同時有泉水流出，成為水與火共存的天然奇景。
 
 可順道參觀三級古蹟的碧雲寺、碧雲公園內壯觀的蓮花石洞。",關仔嶺碧雲寺-水火同源登山步道，簡稱「碧雲火泉步道」,"關仔嶺碧雲寺三寶殿→(1.3K, 30分鐘)→水火同源→原路折返→(1.3K, 20分鐘)→關仔嶺碧雲寺三寶殿",0.83,台南市,白河區,1,1,500,,,,1.3公里,500公尺,關仔嶺碧雲寺-水火同源登山步道.gpx
169,南橫健行,169-1.jpg,"南橫，全名為「南部橫貫公路」，與北橫、中橫並列為「台灣三大橫貫公路」，公路總局編制為台20線。南橫公路山區段西起台南玉井，東至台東縣海端鄉，全長170公里，最高點為大關山隧道(海拔2722公尺)，橫越阿里山山脈、玉山山脈、中央山脈。
 
 南橫公路山川秀麗，純樸自然，沿途多懸崖、縱谷、溫泉、吊橋，是健行慢遊的絕佳路線，但由於2009年莫拉克風災後，梅山口至向陽森林遊樂區路段(108.5K～153K)，公路嚴重受損，封閉管制，禁止一般人員車輛進入，僅能分段健行遊覽。
 
 南橫健行西段，可規劃從台南玉井至高雄桃源梅山口，沿途有噍吧哖紀念公園、加利利漂流木方舟教堂、南化水庫、甲仙化石館、寶來溫泉、梅山口原住民展覽館等景點。",南橫，全名為「南部橫貫公路」，與北橫、中橫並列為「台灣三大橫貫公路」，公路總局編制為台20線。,"第一天：玉井遊客中心→(22.2K)→甲仙(宿)
 休息地點(有廁所)：噍吧哖紀念公園、沿線廟宇、派出所、國小、加油站、便利商店。
 補給地點：沿線派出所、餐廳、雜貨店。
 營宿地點：玉井－華都旅社、長興旅社、芒果物語，甲仙－碧宮大旅社、全龍大旅社。
 
 第二天：甲仙→(20.6K)→寶來(宿)
 休息地點(有廁所)：甲仙南橫三星旅客服務中心、寶來遊客中心、沿線廟宇、派出所、國小、加油站、便利商店。
 補給地點：沿線派出所、餐廳、雜貨店。
 營宿地點：寶來溫泉商圈有許多民宿、山莊、渡假村可供選擇。
 
 第三天：寶來→(26.7K)→梅山口(宿)
 休息地點(有廁所)：高雄市桃源區原住民文化館、樟山國小圖書館、沿線廟宇、派出所、國小、加油站、便利商店。
 補給地點：沿線派出所、餐廳、雜貨店。
 營宿地點：梅山露營區(免費，無電，木棧營位，有廁所、野餐桌、炊事桌，小心蟲蛇出沒)、梅園野營秘境、馬舒霍爾接待家庭(住宿需預約937-317610露森、0972-009060阿里曼)。
 (梅山青年活動中心已於2016年底結束營業，待招標後再以委外方式開放經營。)",72,台南市,玉井區,2,0,7400,"1.路況：會因天災而有所改變，颱風、暴雨後避免前往，請先查詢好再上路。
 2.住宿：過了桃源站後住宿選擇不多、公車亦無行駛，尤其梅山口只剩露營區可選擇，如果不打算露營，則需增加天數，提早尋找住宿地點。
 3.裝備：山區氣溫天候變化大，需備妥禦寒衣物及雨具。第3天途中休息及補給點較少，應備妥行動水、行動糧。",,,69.5公里,900公尺,南橫健行(西段).gpx
170,大崗山盤龍峽谷步道,170-1.jpg,"大崗山盤龍峽谷位於大崗山自然生態園區內，高雄市阿蓮區與田寮區的交界，大山崗山北部的區域，一般遊客行走在園區內，很難想這裡有壯觀雄偉的峽谷地形。
 
 盤龍峽谷為地層變動形成天然的溝谷裂隙，全長285公尺，兩側崖高約20公尺，形成一線天的峽谷景觀，峋嶙的珊瑚礁石灰岩壁上，長滿盤龍木等的藤類植物，攀附著岩壁往上生長，使得峽谷充滿綠意，有如一條綠色盤龍飛出一線天之感，一路往東端出口探訪，可見岩壁上有尊貌似猴神的石雕。
 
 由大崗山自然生態園區大門進入，循水泥登山步道、土石小徑至觀景平台，續來到心涼亭，由水涼亭旁沒有指標的小徑進入，會進入森林秘境，以及竹林裡的輪胎階梯，接出產道，再進入竹林，即可抵達盤龍峽谷。",大崗山盤龍峽谷位於大崗山自然生態園區內，高雄市阿蓮區與田寮區的交界，大山崗山北部的區域，一般遊客行走在園區內，很難想這裡有壯觀雄偉的峽谷地形。,"大崗山自然生態園區大門→(1.5K, 30分鐘)→觀景平台→(1K, 20分鐘)→心涼亭→(0.5K, 10分鐘)→產道→(0.4K, 15分鐘)→電桿叉路(崗山幹21)→(0.1K, 2分鐘)→盤龍峽谷入口(竹林小徑)→(0.4K, 13分鐘)→盤龍峽谷終點→(0.5K, 10分鐘)→電桿叉路(崗山幹21)→(1.2K, 20分鐘)→田寮分駐所",2,高雄市,阿蓮區,1,1,500,盤龍峽谷附近為私有土地，請勿擅闖及破壞。,,,5.2公里,205公尺,大崗山步道(生態公園→超峰寺→三角公園→大崗山→盤龍峽谷).gpx
171,月光山步道,171-1.jpg,"位於美濃區與旗山區、杉林區間的月光山，山形如新月典雅優美，位處中央山脈支系尾端，也是玉山山脈最後一座超過600公尺的山峰。沿途可展望旗山溪流蜿蜒、美濃山系峻峭稜線，又可俯瞰美濃湖及市區，早期為林務局之熱門郊山步道，可惜莫拉克風災後，步道毀損難行；近年經熱心山友及美濃在地人士奔走維護下，逐漸穩定好行，惟位處山崩地滑之土質脆弱地帶，遭遇颱風、雨後路況易不佳。
 
 月光山步道另可串聯連走雙峰山、旗尾山、靈山，挑戰超健腳路線的旗靈月縱走(注意摸黑及接駁)；或亦可規劃半日路線，連走雙峰山、克孝峰O型回到月光山登山口。",位於美濃區與旗山區、杉林區間的月光山，山形如新月典雅優美，位處中央山脈支系尾端，也是玉山山脈最後一座超過600公尺的山峰。,"月光山停車場→(2.2K, 40分鐘)→雙峰山岔→(1.2K, 30分鐘)→月光山→原路折返→(3.4K, 60分鐘)→月光山停車場",2.17,高雄市,美濃區,1,0,500,月光山步道另可串聯連走雙峰山、旗尾山、靈山，挑戰健腳路線的旗月縱走(路線遙遠，可能摸黑，且須另規劃接駁)；或連走雙峰山、克孝峰O型回到月光山登山口，但此O型路線除土質多為易滑動細砂外，沿途另須拉繩陡上陡下，並有瘦稜路段，建議前往者應具登山經驗者，並有妥適裝備。,,,3.4公里,637公尺,月光山步道.gpx
172,大東濕地公園步道,172-1.jpg,"大東濕地公園(中正公園)，位在高雄市鳳山區，高雄捷運大東站1號出口旁、大東文化藝術中心對面，占地9公頃，創建於1981年，昔日為「柴頭埤」，經整治成為濕地公園，優美的風光被譽為「高雄的忘憂森林」，園區設有景觀綠地、生態濕地、藝文草原、休閒運動、濱水步道等區域，毗鄰國父紀念館、圖書館、老人活動中心，提供淨水、生態觀察、人文遊憩等多重功能的休閒空間。
 
 公園內綠蔭扶疏，林木蒼鬱，循著湖畔步道而行，欣賞湖面樹木錯落，倒映著綠樹藍天，錦鯉湖中悠游，美麗如畫，有如一座市區綠洲，可散步至鳳山溪畔，循著自行車道，欣賞溪岸風光，水鳥飛舞等景觀。",昔日為「柴頭埤」，經整治成為濕地公園，優美的風光被譽為「高雄的忘憂森林」,"大東濕地公園入口→(0.2K, 4分鐘)→濕地跨橋→(0.3K, 6分鐘)→濱水步道→(0.5K, 10分鐘)→大東濕地公園入口",0.33,高雄市,鳳山區,1,1,500,,,,1公里,17公尺,大東濕地公園步道.gpx
173,大津瀑布步道,173-1.jpg,"當地人稱為「大烏瀑布」、「尾寮瀑布」或「新豐瀑布」。瀑布共有5層，第1、2層步道設施完善，為大眾化路線，樹蔭濃密蒼鬱，涼爽清幽，入口10公尺即抵達第1層瀑布的小山澗，是泡腳的好地方，續往上走第2層瀑布，從20公尺高垂直90度的懸壁傾瀉而下，夏季時水量豐沛奔騰，水霧迷漫空氣之中，旱季時瀑布細柔娟秀，別有一番風味。登上涼亭可遠眺屏東景色。
 
 可順遊青葉部落，街道充滿魯凱族風情，或至賽嘉部落的生態步道，觀察豐富的生態，以及欣賞飛行傘翱翔天際。",當地人稱為「大烏瀑布」、「尾寮瀑布」或「新豐瀑布」。,"慈津寶宮→(0.8K, 22分鐘)→涼亭→(0.1K, 3分鐘)→大津瀑布→(0.1K, 3分鐘)→涼亭→(0.8K, 17分鐘)→慈津寶宮",0.75,屏東縣,三地門鄉,1,0,500,"1.瀑布第3~5層位於深林之中，人跡罕至，常有蛇蟲出沒，需有完整的裝備。
 2.鄰近路線：
 尾寮山登山步道：尾寮山，海拔1,427公尺，二等的三角點，編號1653號，台灣小百岳第73號，為百岳的訓練路線，登山口有三處：
 A.大津橋旁的產業道路，為主要登山口，單程9.3公里，往返約8小時。
 B.大津瀑布入口(185縣道2K處)，由此登頂單程3公里、約3~4小時。
 C.口社村沙溪林道23.5K處。",,,0.9公里,253公尺,大津瀑布.gpx
174,卡悠峯瀑布步道,174-1.jpg,"舊稱「內獅瀑布」，排灣族語稱為「爪哩丟」，是懸崖之意，枋山地區的閩南人稱它為「大門坑瀑布」，位於枋山溪的支流阿士文溪上游，為屏東最大的瀑布。
 
 步道沿著阿士文溪在山谷斷崖間蜿蜒而上，聆聽潺潺溪水聲，遠觀層疊的山巒，青翠的山谷，美景盡收眼底。步道護欄刻有原住民圖騰，充滿排灣族風情。
 
 終點觀景台，是欣賞瀑布全景最佳位置，瀑布落差約40公尺，從懸壁傾瀉而下，豐水期時，水流成扇形狀，瀑形優美，聲勢浩大，水氣四散飛揚，在陽光照耀下，彩虹若隱若現。潭水清澈，魚蝦水裡悠游，淺潭處可泡腳戲水，沁涼舒暢，是夏日消暑的好去處。",舊稱「內獅瀑布」，排灣族語稱為「爪哩丟」，是懸崖之意，枋山地區的閩南人稱它為「大門坑瀑布」，位於枋山溪的支流阿士文溪上游，為屏東最大的瀑布。,"卡悠峯瀑布停車場→(0.5K, 20分鐘)→卡悠峯瀑布→原路折返→(0.5K, 15分鐘)→卡悠峯瀑布停車場",0.58,屏東縣,獅子鄉,1,1,500,"1.步道右側為斷崖，請靠山壁行走，勿奔跑。
 2.大雨時請勿進入瀑布水域。
 3.鄰近路線：
 里龍山：海拔1062公尺，一等三角點及一等衛星控制點，為恆春半島最高的山岳，擁有大山的氣勢及絕佳的視野，名列台灣小百岳第80號，單程4.7公里，往返步程480分鐘。",,,0.5公里,260公尺,卡悠峯瀑布.gpx
175,大山母山步道,175-1.jpg,"大山母山為墾丁半島最高峰，山勢渾圓，雖不如大尖石山傲人突出，但卻擁有台灣最南端的一等三角點及一等衛星控制點，沿途可遠眺大尖石山、核三廠、南灣湛藍的海天一色，三面環海的景觀，非常美麗。
 
 由南灣渡假飯店附近左轉進入水泥產業道路，董氏墓園旁即為登山口，前段土石路兩旁有人造樹林，路旁有一顆棄置的山字水泥柱，穿越雜木林後為一片草原地，是眺望南灣地區極佳的展望點，遠方的大尖石山極為突出，以及社頂公園內的龜呵吠山。山頂展望佳，一等三角點基石封在水泥罩裡，是一等天文點、重力點、衛星點的共用點，一旁還有土地調查局圖根點。",大山母山為墾丁半島最高峰，山勢渾圓，雖不如大尖石山傲人突出，但卻擁有台灣最南端的一等三角點及一等衛星控制點，沿途可遠眺大尖石山、核三廠、南灣湛藍的海天一色，三面環海的景觀，非常美麗。,"台26線31.6K處→(0.8K, 10分鐘)→大山母山登山口→(1.6K, 50分鐘)→大山母山→原路折返→(2.4K, 40分鐘)→台26線31.6K處",1.67,屏東縣,恆春鄉,1,0,500,,,,2.4公里,325公尺,大山母山.gpx
176,迷糊步道,176-1.jpg,"迷糊步道位於嘉義縣阿里山鄉的樂野村，因連接米洋溪和湖底溪，鄒族村民取「米」、「湖」二字之諧音為步道命名，好記又饒富趣味。沿途竹林夾道、流水潺潺、小橋平台、涼亭處處，每一座皆以傳統工法興築，充滿了鄒族的原味。步道上僅有一段通往百年茄苳巨木的岔路較為陡峭，其餘都是坡度平緩的石階或枕木棧道，不但適合賞螢和賞鳥，夏日漫步其中、尤其暢快愜意，全程指標清楚，即使初次前來也不致於讓人迷糊。
 
 迷糊步道共有三個出入口：北側入口在台18線66.5K處，設有涼亭、停車場及廁所；西側入口在阿里山鄉公所旁，經樂米吊橋可銜接步道；南側入口在169縣道（約24.5K）的米洋吊橋旁，這裡是步道的終點，同時也是福山古道的起點，若想再深入探尋鄒族原鄉，可續行福山古道至福山部落。附近還有二延平步道、巃頂步道和阿里山森林遊樂區等景點，適合全家老小攜手同遊、共度一段難得糊塗的時光。",迷糊步道位於嘉義縣阿里山鄉的樂野村，因連接米洋溪和湖底溪，鄒族村民取「米」、「湖」二字之諧音為步道命名，好記又饒富趣味。,"迷糊步道北側入口→（0.8K,20分鐘）→樂米吊橋（西側入口）岔路→（0.8K,20鐘）→茄苳巨木岔路→（0.7K,20鐘）→迷糊步道南側入口（米洋吊橋）",1,嘉義縣,阿里山鄉,1,1,500,,,,2.3公里,1290公尺,迷糊步道.gpx
177,雲潭瀑布步道,177-1.jpg,"雲潭瀑布位於阿里山國家風景區的瑞里風景區，號稱「瑞里第一景」，瀑布共分三層，每層都有一潭面，第一層的下方即為碧藍深邃的雲潭，高約200公尺，水瀑自巨石縫隙傾洩而下，聲勢驚人，瀑水經常可見彩虹，曾一度名為「落虹瀑布」。步道沿竹林蜿蜒而下，得經過六百多個石階，幸好距離不長，步行約十多分鐘即抵達第一層瀑布的觀景臺，夏季時水量較為豐沛，但需小心落石和潮濕的階梯。
 
 過去從雲潭瀑布經吊橋可連走「瑞里八景」中的青年嶺、蝙蝠洞、燕子崖等幾個精華景點，後因風災造成串連的步道中斷，目前可取道圓潭步道前往上述景點，或是前往附近的「圓潭自然生態園區」欣賞另外三座瀑布、壺穴和腦灶遺跡，來趟兼具景觀、生態與人文的瀑布尋幽之旅。",雲潭瀑布位於阿里山國家風景區的瑞里風景區，號稱「瑞里第一景」，瀑布共分三層，每層都有一潭面，第一層的下方即為碧藍深邃的雲潭，高約200公尺，水瀑自巨石縫隙傾洩而下，聲勢驚人，瀑水經常可見彩虹，曾一度名為「落虹瀑布」。,"雲潭瀑布停車場→（0.3K, 13分鐘）→第一層瀑布觀景臺→（0.1K, 7分鐘）→第三層瀑布觀景臺（步道中斷、暫時封閉）→（0.1K, 10分鐘）→第一層瀑布觀景臺→（0.3K, 15分鐘）→雲潭瀑布停車場",0.75,嘉義縣,梅山鄉,1,0,500,"1.自莫拉克颱風侵襲後，前往第二、三層瀑布的路徑已封閉，目前無法通過；雨季山路易崩塌，行前宜先查詢上山路況，可洽公路局阿里山工務段 (05)2592426。瑞里地區無加油站，汽機車請加滿油再上山。
 
 2.由雲潭瀑布停車場經圓潭步道、青年嶺步道至蝙蝠洞、燕子崖來回約五公里，部分路段較濕滑，若時間和體力充足，可納入雲潭瀑布的行程之中。",,,0.4公里,850公尺,嘉義縣梅山鄉雲潭瀑布步道.gpx
178,二萬坪山登山步道,178-1.jpg,"二萬坪山位於阿里山鄉十字村與中山村交界，由阿里山青年活動中心前1.5公里起登，一開始就陡上穿梭於高大的柳杉林之中，柔軟的落葉鋪地，走來舒適怡人，經山葵園後路徑漸緩，登頂二萬坪山，山頂於樹林之間，無展望腹地小。
 
 二萬坪神木位於二萬坪車站與神木車站之間，高大聳立於鐵道旁，由二萬坪車站旁的二萬坪(黑森林)步道進入，柳杉高聳入天，林相十分優美，途經「進藤熊之助」、「二宮英雄」二座紀念碑後，步道出口再接鐵道，沿鐵道往神木站方向上行，約在鐵道67.9公里處，78號橋附近的右側上方，即可看到二萬坪神木巨大的英姿。
 
 若時間充裕可再回頭沿鐵道向嘉義方向下行，再造訪二萬坪夫妻神木、四君子神木，特殊巨大的樹形，更令人驚艶。",二萬坪山位於阿里山鄉十字村與中山村交界，由阿里山青年活動中心前1.5公里起登，一開始就陡上穿梭於高大的柳杉林之中，柔軟的落葉鋪地，走來舒適怡人，經山葵園後路徑漸緩，登頂二萬坪山，山頂於樹林之間，無展望腹地小。,"二萬坪山登山口→(0.6K, 45分鐘)→二萬坪山→(0.6K, 30分鐘)→二萬坪山登山口→(1.6K, 20分鐘)→二萬坪(黑森林)步道入口(二萬坪車站旁)→(1.1K, 20分鐘)→二萬坪神木→原路折返→(1.1K, 15分鐘)→二萬坪(黑森林)步道入口(二萬坪車站旁)→(1.6K, 15分鐘)→二萬坪山登山口",2.42,嘉義縣,阿里山鄉,1,1,500,"1.沿鐵道進入阿里山森林遊樂區範圍內，則需補門票。
 2.至神木需經過幾次鐵軌橋，遇雨鐵軌易濕滑，宜小心行走，注意安全。",,,3.3公里,2195公尺,二萬坪山登山步道、二萬坪(黑森林)步道、二萬坪神木.gpx
179,待人坑隴頂古道,179-1.jpg,"隴頂古道位於彰化縣員林市百果山，俗名「待人坑」地區，昔日彰化沿海地區與南投山區物資交換的要道，又名「挑鹽古道」，是先民經商的捷徑，承載著員林、草屯、南投三地農產品的運輸要道，妻子倚門等待丈夫歸來，故又名「待人坑古道」，古道採用生態工法，以當地石材堆砌修築，保有古樸的風味，為百果山登山步道群之一。
 
 百果山是楊桃的故鄉及生產蜜餞聞名，登山口位於百果山慈惠堂，經玉意宮、龍鳳宮，最終可達南投市鳳山寺，另有支線可通至玉意宮停車場，沿途可欣賞楊桃、荔枝、龍眼等果樹結實累累，果香撲鼻，步道上有小花園百花齊放，登高望遠，欣賞彰化平原風光。
 
 可與鄰近萬里長城、臥龍坡、藤山等步道連走。",隴頂古道位於彰化縣員林市百果山，俗名「待人坑」地區,"隴頂古道入口(百果山慈惠堂)→(1.5K, 40分鐘)→隴頂古道出口→(1K, 15分鐘)→鳳龍宮(八卦路1249巷口)→(0.2K, 5分鐘)→鳳山寺",1,彰化縣,員林鎮,1,0,500,步道途中有一顆彰化縣政府地政處四等控制點GN25號。,,,2.7公里,384公尺,待人坑隴頂古道.gpx
180,華山山豬湖步道,180-1.jpg,"山豬湖步道是華山步道群中編號5號的步道，全程為產業道路，輕鬆好走的悠閒路線。步道入口位於雲208鄉道山豬湖山知橋「山豬湖磚造意象碑」旁，沿途綠樹林蔭，生態景觀豐富，可瞭望華山盆地。每到四月螢火蟲季，這裡更是著名的賞螢景點，林道有如繁星閃爍，美麗極了。
 
 若體能及時間充足，亦可接4-1號、4-2號步道往二尖山、大尖山，環形繞一圈。下山後可順道至華山遊憩區內，有許多休閒景觀咖啡廳、熱鬧的咖啡大街市集逛逛。",山豬湖步道是華山步道群中編號5號的步道，全程為產業道路，輕鬆好走的悠閒路線。,"山豬湖磚造意象碑→(1.1K, 20分鐘)→產道叉→(0.8K, 10分鐘)→小溪谷→(1.4K, 15分鐘)→大眾爺廟產道三叉路→(0.8K, 25分鐘)→終點路底→原路折返→(0.8K, 15分鐘)→大眾爺廟產道三叉路→(1.4K, 12分鐘)→小溪谷→(0.8K, 8分鐘)→產道叉→(1.1K, 15分鐘)→山豬湖磚造意象碑",2,雲林縣,古坑鄉,1,1,500,,,,4.1公里,1034公尺,華山山豬湖步道.gpx
181,阿白縱走,181-1.jpg,"「阿白縱走」連走谷關著名的二座山岳阿冷山及白毛山，路途遙遠，健腳級路線。
 
 阿冷山，位於裡冷部落，從大甲溪對岸東卯山望去，山勢峻峭，素有「小奇萊」之稱，登山口有數個，由裡冷巷果園登山口起登，一路陡上，連登阿冷山北北峰、阿冷山前峰，途中有裸岩瘦稜稍有挑戰，阿冷山山頂無展望，有腹地可休息。
 
 阿冷山至白毛山連稜，中間會經過太郎山，雖無基石但展望極佳；次郎山山頂的省政府圖根補點，為大理石材質，非常稀少難見；登頂白毛山前有裸岩區，是較危險的路段，考驗膽識，白毛山山頂有涼亭及解說牌。
 
 白毛山步道自然好走、林相優美，山頂前的崩壁瘦稜是白毛山的地標，非常壯觀震撼，俯瞰大甲溪、谷關大道院，眺望東卯山、唐麻丹山等美景。",「阿白縱走」連走谷關著名的二座山岳阿冷山及白毛山，路途遙遠，健腳級路線。,"裡冷巷果園登山口→(0.8K, 50分鐘)→阿冷山北北峰→(1.7K, 110分鐘)→阿冷山前峰→(0.8K, 25分鐘)→阿冷山→(0.8K, 25分鐘)→阿冷山前峰→(1.7K, 70分鐘)→太郎山→(0.7K, 50分鐘)→次郎山→(1K, 70分鐘)→白毛山→(2.3K, 100分鐘)→白毛山登山口→(2.7K, 60分鐘)→白鹿巷/白鹿吊橋",9.33,台中市,和平區,2,0,1130,"1.路途遙遠，需嚴控時間。
 2.阿冷山步道有瘦稜，避免摸黑下山，選擇正走(裡冷起登)會比逆走(白鹿起登)安全。",,,12.5公里,1540公尺,谷關阿白縱走.gpx
182,北港溪峽谷步道,182-1.jpg,"位於南投縣的北港溪，是烏流的主流上游，主要分布於南投縣北部及台中市一小部份，發源於更孟山南側的瑞岩溪。
 
 北港溪峽谷步道主要是修築「能高大圳工程」所鋪設的臨時便道，溪水奔騰，便道隨時會被大雨洪水沖毁，為旱季限定路線。
 
 由惠蓀林場山林巷13K附近進入，經鐵門到清翠橋為稍陡的水泥路面，之後開始進入溪畔的便道。沿途高聳的山壁，奇形怪狀的岩石，岩壁上呈現略帶黃的色澤，大自然開鑿的岩壁，節理線條優美，令人嘆為觀止。一線天峽谷景觀是此路線最精彩之處，置身在峽谷之中，人顯得非常渺小，途中經過數個飛瀑後，在九仙溪交匯處有北港溪溫泉露頭(惠蓀溫泉)，有小池可泡湯舒解疲勞，終點至能高大圳工作站。若時間不夠，可在一線天折返。",位於南投縣的北港溪，是烏流的主流上游，主要分布於南投縣北部及台中市一小部份，發源於更孟山南側的瑞岩溪。,"惠蓀林場柑仔店→(0.3K, 5分鐘)→山林巷13K叉路→(0.4K, 10分鐘)→鐵門→(0.8K, 15分鐘)→清翠橋→(3.2K, 60分鐘)→能高大展圳望點→(0.9K, 20分鐘)→一線天起點→(3.1K, 60分鐘)→北港溪溫泉露頭→(0.6K, 10分鐘)→能高大圳工作站→原路折返→(9.3K, 180分鐘)→惠蓀林場柑仔店",6,南投縣,仁愛鄉,2,1,800,"1.此區未開放，禁止進入，如發生意外，後果自行負責。
 2.此路線毗鄰溪道而行，有一定的危險性，為旱季枯水期限定，天候預報不佳、大雨過後溪水會暴漲，應避免前往。
 3.過清翠橋後是能高大圳工程鋪設的便道，有施工才會開挖便道，會因雨季、工程等因素，溪流截斷便道而改變路況或路斷，需特別留意。
 4.因工程關係溪水混濁，不適合飲用、煮食，需自備飲用水。
 5.會有大砂石車進出，小心禮讓。",,,9.3公里,690公尺,北港溪峽谷步道.gpx
183,北霞山步道,183-1.jpg,"阿里山有「三霞」：北霞山、霞山、南霞山。北霞山海拔2472公尺，為阿里山三霞之首，為昔日阿里山林場的範圍。
 
 自特富野古道入口起登，約50公尺後即分道而行，沿途是巨木參天，杜鵑林、柳杉林、山葵園、箭竹林、雜木林、翠蕨區等林相變化多端，寧靜優美，涼爽舒適，松針鋪地柔軟如毯，苔蘚密布綠意盎然，陣陣檜木香味飄散於空中，令人神清氣爽。步道路徑清楚，僅箭竹林較易迷失，經上下數座小山頭後，即可達北霞山，山頂腹地平坦廣闊，展望不佳，可遠眺鹿林前山、石水山連稜。
 
 途經兒玉山(自忠山)與東水山(水山)，由岔路口至登頂約10~15分鐘步程，若時間允許可順登。由北霞山回程至東水山岔路均為緩上坡，宜留意時間與體力的掌控。",阿里山有「三霞」：北霞山、霞山、南霞山。北霞山海拔2472公尺，為阿里山三霞之首，為昔日阿里山林場的範圍。,"特富野古道入口(自忠端)→(1.1K, 60分鐘)→自忠山岔路→(0.9K, 45分鐘)→東水山岔路→(1.5K, 50分鐘)→最低鞍部→(0.6K, 25分鐘)→2530峰→(1.5K, 60分鐘)→北霞山→原路折返→(5.6K, 200分鐘)→特富野古道入口(自忠端)",7.33,南投縣,信義鄉,2,0,930,"1.鑽箭竹林時留意布條，不要亂鑽，小心迷路。
 2.北霞山至霞山距離5.6公里，路程遙遠且路跡不明，布條不多，若要連走，需充份準備，提早出發，掌握時間。",,,5.6公里,2610公尺,北霞山步道.gpx
184,武令山山徑,184-1.jpg,"武令山為廬山六寶之一，位於春陽部落、萬大水庫旁，為麻平暮山(馬海濮富士山)向北延伸的尾稜。登山口有二處，一為小木屋後方，二為農場，通常會安排由西稜起登，循水管路垂降至溪谷，再登上主稜，經基點峰、主峰由東稜回來，環形一圈，原始山徑全程於樹林中行進，無日照，有些濕滑，窄小的山徑另一邊是山崖需小心行走。
 
 初冬時分，步道上佈滿色彩繽紛的香楓落葉，黃的、橘的、紅的熱閙無比，是條賞楓秘境，途中數顆九芎巨木造型特別。武令山基點峰在樹林之中有二顆基石，再前往武令山主峰，約70分鐘，沿途松針鋪路，柔軟舒適，主峰無基石，在樹林中掛有山友製作的標示牌。行經帆布獵寮，至電塔（盧山線31）岔路，有捷徑可接回小木屋登山口。",武令山為廬山六寶之一,"小木屋登山口→(1.5K, 75分鐘)→溪谷→(1K, 120分鐘)→主稜線→(0.8K, 15分鐘)→武令山基點峰→(1.4K, 70分鐘)→武令山主峰→(3.2K, 130分鐘)→電塔岔路→(0.7K, 10分鐘)→小木屋登山口",7,南投縣,仁愛鄉,2,1,900,虎門巷產道狹小陡峭，小客車需馬力強勁，小心行駛。,,,8.7公里,1932公尺,武令山登山步道.gpx
185,雲嘉五連峰縱走,185-1.jpg,"「雲嘉五連峰」為雲嘉地區著名的縱走路線，連走大尖山、二尖山、馬鞍山、梨子腳山、太平山，五座山峰稜脈連成一座屏障，橫跨雲林縣古坑鄉華山村與嘉義縣梅山鄉太平村，沿途竹林、茶園景致優美，視野展望極佳，山嵐籠罩時又宛若仙境，可安排環形一圈。
 
 大尖山，又名尖山母山、雲嘉大尖山，為阿里山山脈西北稜延伸至清水溪西側的最高峰，為台灣小百岳五嶽的西嶽名山，峰頂視野廣闊，可遠眺阿里山脈、塔山、玉山及雲嘉平原，是觀賞日出、夕陽及雲海的好去處。
 二尖山，無基點，有餐廳及茶園，展望極佳。
 馬鞍山，無基點，位於竹林中無展望。
 梨子腳山，又名祝壽山、嶺頂、掘尺嶺山，太平村最高峰，為台灣小百岳。
 太平山，無基點，有中華電信基地台。",「雲嘉五連峰」為雲嘉地區著名的縱走路線,"華山新橋→11號步道入口→(1.1K, 15分鐘)→華山小天梯→(1.1K, 35分鐘)→10-5步道口→(1.8K, 75分鐘)→大尖山→(1K, 30分鐘)→二尖山→(0.9K, 20分鐘)→龍興宮→(0.5K, 30分鐘)→馬鞍山→(1.2K, 25分鐘)→梨子腳山→(1.1K, 25分鐘)→太平山→(2.7K, 80分鐘)→大眾爺廟→(2K, 50分鐘)→4-2號步道口→(0.8K, 15分鐘)→4-1號步道口→(0.7K, 15分鐘)→頂科角→(0.8K, 25分鐘)→華山新橋",7.33,雲林縣,古坑鄉,2,0,930,,,,15.7公里,1305公尺,雲嘉五連峰.gpx
186,八大秀,186-1.jpg,「八大秀」是八通關山、大水窟山、秀姑巒山三座百岳的簡稱。由東埔進入充滿人文史蹟的八通關古道，沿著陳有蘭溪右岸經險峻的父子斷崖、磅礡的雲龍瀑布、一望無際的八通關大草原、秀姑坪白木林奇景、日治時期駐在所遺址，登頂中央山脈第一高峰的「秀姑巒山」，八通關古道東西分界點的「大水窟山」，以及尖銳多崖的「八通關山」，山頂視野極佳，南二段、南三段、馬博橫斷歷歷在目。,「八大秀」是八通關山、大水窟山、秀姑巒山三座百岳的簡稱。,"D1(重裝)：東埔登山口→(5.8K, 230分鐘)→樂樂山屋(宿)
 
 D2(重裝)：樂樂山屋→(8.8K, 270分鐘)→觀高坪→(3K, 180分鐘)→八通關草原→(3K, 100分鐘)→八通關登山口→(3.3K, 90分鐘)→中央金礦山屋(宿)
 
 D3(輕裝往返)：中央金礦山屋→(4K, 210分鐘)→秀姑坪→(1.7K, 105分鐘)→秀姑巒山→(1.7K, 65分鐘)→秀姑坪→(2.6K, 140分鐘)→大水窟山→(0.4K, 110分鐘)→白洋金礦→(3.6K, 120分鐘)→中央金礦山屋(宿)
 
 D4(重裝)：中央金礦山屋→(3.3K, 85分鐘)→八通關登山口→(1.5K, 80分鐘)→八通關山(輕裝)→(1.5K, 50分鐘)→八通關登山口→(2.6K, 60分鐘)→八通關草原→(3.4K, 180分鐘)→觀高坪→(14.6K, 300分鐘)→東埔登山口",96,南投縣,信義鄉,3,1,9800,"1.觀高至八通關山路段因地層滑動下陷、地表裂隙嚴重，觀高登山服務站山屋及營地禁止使用。
 2.東埔至八通關段有多處斷崖或崩壁，雨後易坍，危險性高，請小心通行。
 3.父子斷崖路段常有落石坍方，請小心通行。
 4.觀高坪至八通關草原，自101年底步道坍塌，已改為高繞路線，沿途有架設路牌指引：
 (A)舊路線：
 1.8～2公里，重裝步程約50～70分鐘。
 (B)高繞路線：
 2.8～3公里，上切460公尺，再下切240公尺，重裝步程約150～180分鐘。
 5.樂樂山屋後至乙女瀑布間有一段崩塌處，建議取左高繞走新路線。
 (A)舊路線：
 過樂樂山屋後，沿等高線約1,700公尺腰繞，此路段崩塌，重裝步程約15～20分鐘，為崩塌處且相當破碎。
 (B)高繞路線：
 過樂樂山屋後，取左走高繞路，往等高線約1,760處走，上切近100公尺，重裝步程約20～35分鐘。高繞路線僅比舊路線多走15分鐘左右，卻可以避開風險較高的崩塌處。",,,32.4公里,3825公尺,八大秀.gpx
187,奇萊東稜,187-1.jpg,"奇萊東稜為岳界四大障礙之一，必須身負重裝由奇萊登山口，依序造訪奇萊北峰、磐石山、太魯閣大山和立霧主山等百岳。每天起床之後，欣賞著日出的霞光、翻騰的雲海、和緩的高山草原、層疊的山巒、蒼勁的林木，絕佳的視野，夜晚還有繁星催眠。
 
 美好的背後藏著艱辛，每天起床之後，拉繩陡上陡下斷崖、碎石坡是家常便飯，在箭竹林裡乾泳也見怪不怪，由江口山回到岳王亭的路程一路瘋狂下坡，更讓人覺得膝蓋快要爆炸，果然是一條挑戰人類意志力的路線。",奇萊東稜為岳界四大障礙之一,"第一天：奇萊登山口→(3.8k,110分鐘)→黑水塘山屋→(1.2k,60分鐘)→成功山屋→(1.8k,170分鐘)→奇萊稜線叉路→(0.1k,10分鐘)→奇萊山屋(宿)
 
 第二天：奇萊山屋→(1.6k,110分鐘)→奇萊北峰→(1.7k,80分鐘)→月形池→(1.9k,130分鐘)→驚嘆號水池→(2.6k,80分鐘)→磐石中峰營地(宿)
 
 第三天：磐石中峰營地→(2.3k,90分鐘)→磐石山→(0.9k,55分鐘)→鐵線斷崖前營地→(1.6k,160分鐘)→上下舖營地→(2.5k,200分鐘)→北鞍營地(宿)
 
 第四天：北鞍營地→(1.6k,100分鐘)→太魯閣大山→(1.6k,80分鐘)→北鞍營地→(2.8k,200分鐘)→平安池→(1.4k,70分鐘)→三岔路口→(1.7k,130分鐘)→大理石營地(宿)
 
 第五天：大理石營地→(0.4k,25分鐘)→立霧主山→(1.0k,90分鐘)→沼澤營地→(1.8k,120分鐘)→三岔營地→(2.3k,150分鐘)→帕托魯山→(2.3k,105分鐘)→三岔營地→(1.6k,100分鐘)→研海林道12K工寮(宿)
 
 第六天：研海林道12K工寮→(3.0k,75分鐘)→9K工寮→(3.0k,75分鐘)→6K岔路→(1.4k,70分鐘)→江口山岔路→(0.1k,10分鐘)→江口山→(0.1k,5分鐘)→江口山岔路→(2.6k,135分鐘)→3.8K流籠頭→(3.1k,80分鐘)→1號索道頭→(2.2k,150分鐘)→岳王亭登山口",144,南投縣,仁愛鄉,3,0,14600,"1.部分指標標示不清楚，請做好充足準備，與有經驗的嚮導同行為優。
 
 2.沿途雖有輔助繩索或鐵柱，攀爬前仍須注意確認是否堅固。
 
 3.研海琳道12K工寮至3.8K流籠頭間部分路段位於斷崖上且有茂密草叢覆蓋，請小心行走。
 
 4.公車班次少。",,,56公里,3607公尺,奇萊東稜.gpx
188,馬博拉斯橫斷,188-1.jpg,"馬博橫斷西起南投東埔，沿中央山脈稜線行走，途經八通關山、秀姑巒山、馬博拉斯山等七座百岳，西出花蓮中平林道，路程長、天數長、難度高。
 
 行走於山嶺間，遼闊的高山草原和藍天白雲相連、稜線上風起雲湧波瀾壯闊，群山萬壑之美筆墨難以形容。只是，務必帶著謹慎與敬意小心攀爬，接二連三細瘦嶙峋的斷崖和窄稜，若沒有好的專注力，眼前等著的可是萬丈深淵。
 
 考驗持續最後，林道下切溪谷的路線經常變動，需要萬全的準備並仔細辨明前人留下的指標，不然很容易迷路，是障礙重重的高級登山路線。",馬博橫斷西起南投東埔，沿中央山脈稜線行走，途經八通關山、秀姑巒山、馬博拉斯山等七座百岳，西出花蓮中平林道，路程長、天數長、難度高。,"第一天：東埔登山口→(5.5k,220分鐘)→樂樂山屋→(8.8k,270分鐘)→觀高登山服務站(宿)
 
 第二天：觀高登山服務站→(2.8k,60分鐘)→八通關→(2.0k,70分鐘)→八通關山登山口→(1.5k,30分鐘)→巴奈伊克營地→(2.5k,60分鐘)→中央金礦山屋→(3.3k,180分鐘)→白洋金礦山屋(宿)
 
 第三天：白洋金礦山屋→(0.5k,30分鐘)→秀姑坪→(2.0k,25分鐘)→秀姑巒山→(2.0k,145分鐘)→秀馬最低鞍部→(1.5k,120分鐘)→馬博拉斯山屋(宿)
 
 第四天：馬博拉斯山屋→(0.3k,50分鐘)→馬博拉斯山→(5.1k,230分鐘)→盆駒山→(5.1k,280分鐘)→馬博拉斯山→(0.3k,35分鐘)→馬博拉斯山屋(宿)
 
 第五天：馬博拉斯山屋→(3.5k,140分鐘)→馬利亞文路山→(3.8k,200分鐘)→馬利加南山→(2.7k,80分鐘)→馬利加南東峰前山屋(宿)
 
 第六天：馬利加南東峰前山屋→(0.2k,30分鐘)→馬利加南東峰→(5.6k,245分鐘)→馬布谷山屋→(1.9k,50分鐘)→布干山→(1.9k,40分鐘)→馬布谷山屋(宿)
 
 第七天：馬布谷山屋→(2.5k,130分鐘)→馬西山→(4.7k,200分鐘)→喀西帕南山→(1.5k,150分鐘)→太平谷→(2.2k,45分鐘)→中平林道43K工寮→(8.0k,分鐘)→35K工寮(宿)
 
 第八天：35K工寮→(2.0k,180分鐘)→林道上切點→(10.4k,190分鐘)→中平林道16.5K",192,南投縣,信義鄉,3,1,19400,"1.中平林道舊稱玉里林道。林道路況不佳，一般轎車僅可行至中平檢查哨，四輪傳動車約可至16.5K處。
 2.中平林道35K工寮之後部分路段雜亂，且地貌多變，建議行走時需攜帶GPS並參考山友行程記錄。
 3.中平林道多螞蝗，請注意。
 4.馬布谷山屋若多日無雨恐將缺水。",,,94.1公里,3805公尺,100岳-馬博橫斷逆走-20150702-08.gpx
189,大小劍,189-1.jpg,"雪山山脈的主稜線從主峰往南，經過大劍山、佳陽山、小劍山，被大甲溪截斷，再連接白姑大山。其中大劍山是雪山山脈的百岳中的第三高峰，為「十峻」之一。佳陽山山形為壯觀的金字塔形狀，東南面是一片光滑的崩壁，在陽光照耀下光彩奪目，即使從遠方都可辨認出這特出的山容，屬於「八銳」之一。小劍山又稱為劍山，雪山山脈延伸自此之後，陡降至大甲溪谷，陡峭的山形如寶劍一般，屬於「九嶂」之一。這三座百岳合稱為「大小劍」。
 
 由於主稜上缺乏穩定的水源、油婆蘭山到劍山這段稜脈起伏劇烈又缺良好營地、全線沒有山屋，以及開爬的第一天，即要面對陡昇1700公尺落差的漫長山路，讓大劍山稜脈成為百岳的艱辛路線。",雪山山脈的主稜線從主峰往南，經過大劍山、佳陽山、小劍山，被大甲溪截斷，再連接白姑大山。,"第一天：松茂林道入口→(1.5k,30分鐘)→仁壽橋→(0.1k,5分鐘)→仁壽檢查哨→(3.4k,70分鐘)→松茂水文站→(1.1k,15分鐘)→樂山橋→(2.4k,30分鐘)→防火巷登山口→(5.5k,420分鐘)→推論山→(2k,135分鐘)→油婆蘭山→(0.1k,5分鐘)→油婆蘭營地(宿)
 
 第二天：油婆蘭營地→(0.1k,5分鐘)→油婆蘭山→(1.5k,90分鐘)→布伕奇寒山→(0.6k,60分鐘)→老伍營地→(1.3k,120分鐘)→佳陽山→(2.5k,170分鐘)→劍山(小劍山)→(2.5k,145分鐘)→佳陽山→(1.3k,185分鐘)→老伍營地→(0.6k,90分鐘)→布伏奇寒山→(1.5k,90分鐘)→油婆蘭山→(0.1k,5分鐘)→油婆蘭營地(宿)
 
 第三天：油婆蘭營地→(0.9k,30分鐘)→鞍部水源岔路→(1.3k,180分鐘)→大劍山→(1.3k,100分鐘)→鞍部水源岔路→(0.9k,40分鐘)→油婆蘭營地→(0.1k,5分鐘)→油婆蘭山→(2k,70分鐘)→推論山→(5.5k,180分鐘)→防火巷登山口→(2.4k,25分鐘)→樂山橋→(1.1k,15分鐘)→松茂水文站→(3.4k,60分鐘)→仁壽檢查哨→(0.1k,5分鐘)→仁壽橋→(1.5k,30分鐘)→松茂林道入口",96,台中市,和平區,3,0,9800,"1.油婆蘭山營地為黑水池，可在經過推論池時就先取水，或在劍南山鞍部水源叉路下溪谷取水(來回約60分鐘，需下降200公尺碎石坡)。
 
 2.劍山(小劍山)路程遙遠，上上下下假山頭無數，要注意行動水是否足夠，摸黑時須注意小心幾段崩壁。",,,24.3公里,3594公尺,大小劍(三日).gpx
190,雪劍線,190-1.jpg,"站在梨山中橫公路邊側向西北瞭望，隔著德基水庫所淹沒的溪谷對岸，一條黝黑色的嶺脈，岧嶢鷹暽，著實讓愛山癡迷悸動不已，這條巍峨峻秀的山稜，就是大劍稜脈。
 
 從日據時期至今，「雪劍縱走」一直被視為辛苦、難纏的一條縱走路線，主要原因是主稜上缺乏穩定的水源、油婆蘭山到劍山這段稜脈起伏劇烈又缺良好營地、大劍山到翠池這段路程過長、且除翠池目前有山屋外全線沒有山屋，以及開爬的第一天，即要面對陡昇1700公尺落差的漫長山路，最令人吃不消。以上原因讓大劍山稜脈成為雪山六條稜脈裡，最少人全程縱走的路線。",站在梨山中橫公路邊側向西北瞭望，隔著德基水庫所淹沒的溪谷對岸，一條黝黑色的嶺脈，岧嶢鷹暽，著實讓愛山癡迷悸動不已，這條巍峨峻秀的山稜，就是大劍稜脈。,"第一天：雪山登山口(大水池登山口)→(2k,80分鐘)→七卡山莊→(2k,140分鐘)→哭坡前觀景台→(0.4k,40分鐘)→哭坡頂→(0.7k,40分鐘)→雪山東峰→(2k,80分鐘)→三六九山莊(宿)
 
 第二天：三六九山莊→(0.7k,40分鐘)→黑森林→(2k,110分鐘)→圈谷→(1.1k,110分鐘)→雪山主峰→(2.5k,240分鐘)→翠池山屋→(5k,300分鐘)→完美谷營地(宿)
 
 第三天：完美谷營地→(1.2k,100分鐘)→雪山西南峰→(3k,230分鐘)→大劍山→(1.3k,100分鐘)→鞍部水源岔路→(0.9k,40分鐘)→油婆蘭營地(宿)
 
 第四天：油婆蘭營地→(0.1k,5分鐘)→油婆蘭山→(1.5k,90分鐘)→布伏奇寒山→(0.6k,60分鐘)→老伍營地→(1.3k,120分鐘)→佳陽山→(2.5k,170分鐘)→劍山→(2.5k,145分鐘)→佳陽山→(1.3k,185分鐘)→老伍營地→(0.6k,90分鐘)→布伏奇寒山→(1.5k,90分鐘)→油婆蘭山→(0.1k,5分鐘)→油婆蘭營地(宿)
 
 第五天：油婆蘭營地→(0.1k,5分鐘)→油婆蘭山→(2k,70分鐘)→推論山→(5.5k,180分鐘)→防火巷登山口→(2.4k,25分鐘)→樂山橋→(1.1k,15分鐘)→松茂水文站→(3.4k,60分鐘)→仁壽檢查哨→(0.1k,5分鐘)→仁壽橋→(1.5k,30分鐘)→松茂林道入口",120,台中市,和平區,3,1,12200,"1.雪劍線為雙向進出，但若從松茂林道啟登，因登山口海拔低，第一天將面對1700公尺上升的落差，除了會師的考量外，鮮少有隊伍縱行其上。
 
 2.完美谷營地只有大雨過後才會有些許積水，水源極度不穩定，需背水前往；油婆蘭營地為黑水池，可在劍南山鞍部水源叉路下溪谷取水(來回約60分鐘，需下降200公尺碎石坡)。
 
 3.劍山(小劍山)路程遙遠，上上下下假山頭無數，要注意行動水是否足夠，摸黑時須注意小心幾段崩壁。
 
 4.武陵農場需收費：一般個人平日$130/人、假日$160/人，小型車$50/輛。",,,52.9公里,3886公尺,20161030-1103雪劍.gpx.gpx
191,白姑大山單日往返,191-1.jpg,"獨霸一方的白姑大山又名白狗大山，列名台灣百岳的「十翠」之一，山勢雄偉壯麗，山頂視野絕佳，並擁有少見的一等三角點，即使山高路遙，前來品嘗中橫四辣之「大辣」的山友仍絡繹不絕。
 
 本路線途中有爬不完的陡坡、鑽不完的箭竹、跨不完的倒木和翻不完的山頭，還需通過岩稜、石瀑以及落差超過1300多公尺的考驗；天氣好時能北望雪山西稜、俯瞰大甲溪谷，東眺南湖中央尖、合歡群峰、奇萊連峰和能高安東軍，南觀玉山和甘卓萬等群山。單日往返白姑難度非常高，行前的入山申請、裝備和體力都應有充份的準備，才有機會一睹嗆辣白姑迷人的風采！
 
 注意：由於行進時間極長，會有摸黑時段，請務必備妥頭燈及保暖衣物等裝備，此外，若上午 6:00 前未抵達司宴池營地、或 10:00 前未攻頂白姑大山則建議原路撤退。",獨霸一方的白姑大山又名白狗大山，列名台灣百岳的「十翠」之一，山勢雄偉壯麗，山頂視野絕佳，並擁有少見的一等三角點，即使山高路遙，前來品嘗中橫四辣之「大辣」的山友仍絡繹不絕。,最後農家登山口→（2.5K，220分鐘）→三錐山→（2.1K，190分鐘）→司晏池→（0.9K，65分鐘）→白姑大山東南峰→（2.9K，205分鐘）→草青池→（0.6K，50分鐘）→白姑大山→（4.4K，310分鐘）→司晏池→（2.1K，110分鐘）→三錐山→（2.5K，140分鐘）→最後農家登山口,21.5,台中市,和平區,3,0,2350,"1. 白姑大山單攻為高難度路線，海拔落差大且地形複雜，非常考驗體能與腿力，若非經驗豐富且對路況熟悉之山友請勿貿然嘗試。
 
 2. 由於行進時間極長，會有摸黑時段，請務必備妥頭燈及保暖衣物等裝備，此外，若上午 6:00 前未抵達司宴池營地、或 10:00 前未攻頂白姑大山則建議原路撤退。
 
 3. 本網頁登載之行進時間多以上河地圖之建議為準，實際上依個人能力可能差異甚大，請參照自己過去攀登相同路線之行進時間進行估算。",,,9公里,3341公尺,白姑大山單日往返.gpx
192,中央尖、死亡稜線,192-1.jpg,"死亡稜線位於中央山脈北一段及北二段間，中央尖山至甘薯峰之間的稜線，風化嚴重地形極為破碎，危險性相當高，因得「死亡稜線」的稱號，讓人聽聞不寒而慄，可見其險峻程度，有如走向死亡般的驚險，沒有三兩三別輕易嚐試。
 
 從南湖登山口起登，需歷經南湖溪、中央尖溪不斷的溯溪、高繞，以及陡長的碎石坡後，再面臨毫無冷場的死亡稜線，多次橫渡破碎鬆動路段，甚至沒有確保繩，需膽大心細踩穩踏點，十分耗費精力，可在天空營地休息一晚養精蓄銳，到中央尖山西峰前，還有危險路況等著挑戰。
 
 脫離了死亡稜線後，馬上又要品嚐甘薯東南鞍北稜「死亡箭竹海」的威力，直至甘薯峰後終於可以鬆口氣，經遠多志山下到無耳溪營地，再上攀接殘破不堪730林道的歸途。",死亡稜線位於中央山脈北一段及北二段間，中央尖山至甘薯峰之間的稜線，風化嚴重地形極為破碎，危險性相當高，因得「死亡稜線」的稱號,"第一天：南湖大山登山口→(6.7k,150分鐘)→6.7K登山口→(1.75k,80分鐘)→多加屯→(2.6k,75分鐘)→木杆鞍部→(1.7k,60分鐘)→南湖溪山屋(宿)
 
 第二天：南湖溪山屋→(8.3k,220分鐘)→第一香菇寮舊址→(2.2k,130分鐘)→中
 中央尖溪山屋(宿)
 
 第三天：中央尖溪山屋→(5.0k,300分鐘)→中央尖鞍部→(0.9k,80分鐘)→中央尖山→死亡稜線→(0.7K, 120分鐘)→天空營地(宿)
 
 第四天：天空營地→(1K, 120分鐘)→中央尖山西峰→(3.2K, 240分鐘)→甘薯峰→(2.0k,120分鐘)→甘薯南峰營地(宿)
 
 第五天：甘薯南峰營地→(1.5k,60分鐘)→遠多志山→(3.4k,110分鐘)→耳無溪營地→(2.8k,200分鐘)→17.5K登山口→(5.5k,90分鐘)→730林道11.7K登山口",120,台中市,和平區,3,1,12200,"1.死亡稜線路段非常危險，且較少人走，隨時會因天災造成路況改變，路跡較為不明確，宜請經驗老道、熟悉路況者帶領。
 2.部分路段碎石鬆動或需攀爬拉繩，請注意重心問題，必要時可以人包分離方式通過；恐繩索老舊，應自行攜帶繩索確保。
 3.必須數度過溪，應避開雨季。
 4.天空營地無水源，需於中央尖溪最後水源處取水，揹水而上；甘薯南峰營地無水源，可用黑水塘濾水飲用。
 5.死亡箭竹海路段易迷路、失溫，宜小心因應。
 6.需兩地接駁，730林道路況不佳，不易會車，9K之後非高底盤車輛建議勿入。
 7.林道兩側多咬人貓等多刺植物，請小心勿碰觸。",,,49.25公里,3705公尺,中央尖、死亡稜線.gpx
193,清朝八通關古道全線,193-1.jpg,"為能廣招中國內地漢人至後山開墾，光緒元年(1875年)清朝總兵吳光亮負責闢建清朝八通關古道，起點由林圮埔（竹山）東進，途中侵佔許多原住民領土，經大坪頂、鳳凰、牛轀轆（原隸鹿谷，1955年改隸水里現稱永興村）、茅埔、楠仔腳萬、東埔社心、八通關、大水窟、米亞桑、阿波蘭、阿桑來戛，抵玉里山稜線，再下至璞石閣(今花蓮玉里)，全長265華里(約152公里)。
 
 清古道荒漠多時，近年才陸續有古道研究探勘、布農族人重返家屋等行走紀錄，屬於迷人卻挑戰的古道探勘行程。路線兩端入口分別為東(卓溪山登山口)及西(東埔)，可採東進西出或西進東出；東段路線原始自然，沿途參天大樹、林相優美，仍多處可見清古道之完整石階群及布農舊部落家屋，只是路徑原始自然且古道部分崩塌，必須過多次湍急溪水，仍具有危險性，請務必具備優良的路徑辨識能力、困難地形繩索架設登山技能，並請謹慎評估天氣與溪水水量狀況。",清古道荒漠多時，近年才陸續有古道研究探勘、布農族人重返家屋等行走紀錄，屬於迷人卻挑戰的古道探勘行程。,"D1：東埔登山口→(4.0K，120分鐘)→ 雲龍瀑布→(1.7K，60分鐘)→ 樂樂山屋→(0.7K，25分鐘)→ 乙女瀑布→(3.6K，100分鐘)→ 對關→(4.1K，150分鐘)→ 觀高坪→(0.5K，15分鐘)→ 觀高工作站(宿)
 
 D2：觀高工作站→(2.8K，130分鐘)→八通關草原→(4.0K，90分鐘)→中央金礦山屋→(3.7K，170分鐘)→杜鵑營地→(4.0K，120分鐘)→南營地→(2.1K，70分鐘)→大水窟山屋(宿)
 
 D3：大水窟山屋→(2.5K，120分鐘)→2960m大平台→(4.0K，240分鐘)→米亞桑溪(宿)
 
 D4：米亞桑溪→(3.0K，210分鐘)→伊波克山→(1.5K，30分鐘)→公山→(2.5K，150分鐘)→Nunusun 舊部落→(2.2K，90分鐘)→那那托克Nanatuq耕地遺址→(1.5K，70分鐘)→馬霍拉斯溪(宿)
 
 D5：馬霍拉斯溪→(1.5K，180分鐘)→Banhilan舊部落→(3.5K，180分鐘)→石階群→(4.0K，120分鐘)→阿波蘭谷地(宿)
 
 D6：阿波蘭谷地→(1.3K，60分鐘)→2891峰南鞍→(2.5K，180分鐘)→石階群→(2.2K，180分鐘)→馬戛次托溪(宿)
 
 D7：馬戛次托溪→(3.3K，240分鐘)→溪溝活水源Sipsip →(3.5K，240分鐘)→LaMbas(宿)
 
 D8：LaMbas→(0.5K，40分鐘)→阿不郎山→(3.5K，240分鐘)→Qaisul家屋→(2.0K，180分鐘)→塔洛木溪(宿)
 
 D9：塔洛木溪→(5.5K，300分鐘)→ 阿桑來嘎山→(3.1K，150分鐘)→玉里山叉路口→(5.7K，240分鐘)→卓溪產業道路",216,南投縣,信義鄉,3,0,21800,"1.古道沿途有多處崩塌，部分山徑濕滑、獵徑交錯，需小心通過和判定方向，務必攜帶岩盔、繩索等器材，並具備優良路徑辨識能力、困難地形繩索架設等登山技能。
 2.需多次過溪，夏季水量通常較大，水深且湍急有其危險性，建議可選擇冬季前往。",,,90.5公里,3256公尺,清朝八通關古道全線.gpx
194,天巒池下武法奈尾山出將軍廟,194-1.jpg,天巒池是一處大型的高山看天池，彎月型的池面如鏡，水質清澈透明，藍天倒映在池面時，有如藍寶石一般閃耀動人，午後雲霧籠罩時，飄渺宛若仙境，躺在草坡上欣賞著池中的倒木，彷彿時空在此凝結。往北行攀登武法奈尾山，登頂只需10分鐘，山頂回望合歡北峰，遠眺雪山聖稜線、雪山西稜線、北一段、北二段，秀麗山巒盡收眼底。回程由東營大將軍廟方向下山，沿途是柔軟有彈性的松針地毯，陽光在二葉松林間婆娑起舞，讓人腳步輕盈、心情愉悅。,天巒池是一處大型的高山看天池，彎月型的池面如鏡，水質清澈透明，藍天倒映在池面時，有如藍寶石一般閃耀動人,"合歡北峰登山口(台14甲線36.7公里處)→(1.3K, 80分鐘)→反射板→(0.5K, 20分鐘)→天巒池叉路口→(0.2K, 7分鐘)→合歡北峰→(0.2K, 3分鐘)→天巒池叉路口→(0.9K, 20分鐘)→水源叉路→(2.7K, 120分鐘)→天巒池→(0.6K, 10分鐘)→武法奈尾山→(3.5K, 90分鐘)→東營大將軍廟(台8線約101.5K處)",5.83,南投縣,仁愛鄉,2,1,780,"1.合歡北峰沿途缺乏樹蔭遮蔽，在晴朗炙熱的天氣，要特別注意防曬；通往天巒池的箭竹林雨天易濕滑泥濘，且山區下午容易起霧，建議選擇上午或天氣晴朗時攀登，以免迷路。
 2.也可安排二天一夜於天巒池或小溪營地紮營，唯營地海拔高、氣溫低，容易有高山反應，需評估自身體能。
 3.此路線也可逆走(將軍廟上武法奈尾山、天巒池)，為一路上坡。",,,9.9公里,3422公尺,天巒池下武法奈尾山出將軍廟.gpx
195,神阿縱走,195-1.jpg,"神阿縱走連接南投縣信義鄉神木村至阿里山國家森林遊樂區，是早年是人力運送物資的交通要道，據說在1970年代是青年救國團經常造訪的經典登山路線之一。九二一地震之後，神木村遭受重創，又加上後續的桃芝、敏督利以及莫拉克颱風侵襲，造成大規模崩塌災害，原本的神阿縱走路線也因此完全被埋沒掉。
 
 近期在縣政府的支持下，對神阿縱走進行探勘與修復，希望能夠藉由登山路線的連接讓兩地觀光發展變得更活絡，目前路線雖然已經全線貫通，不過在部分路段尚未完成修繕的狀態下，攀登神阿縱走仍然需要具備相當登山經驗較為安全。
 
 神阿縱走最經典的景觀就是極大面積的人造杉木林，每一棵杉木都高聳入雲，走在林中幾乎是不見天日。從海拔一千五百公尺到兩千多公尺的範圍間，豐富的中海拔動、植物值得探索，不過部分路段也遍布咬人貓，建議穿著雨鞋或是較厚的長褲，才不會被咬到過敏喵喵叫。",神阿縱走連接南投縣信義鄉神木村至阿里山國家森林遊樂區,神木村登山口→（4.2K，180分鐘）→祝山線0.8K岔路→（0.2K，10分鐘）→神木村塔山步道岔→（1.1K，20分鐘）→沼平車站,3.5,南投縣,信義鄉,2,0,550,"1. 本路線部分路段較不明朗，可能有迷途或發生意外的疑慮，須做好事前準備，並攜帶必要之保暖、維生與求援裝備才可出發。
 
 2. 神阿縱走連接阿里山林道、祝山線以及對高岳步道，可以通往對高岳、祝山車站、塔山步道、小笠原觀景台等阿里山國家森林遊樂區內的諸多景點。
 
 3. 本路線行經山老鼠熱區，如遭遇山老鼠建議避免任何交流與衝突，可在保持自身安全的情況下善用檢舉專線或是線上回報功能進行通報。",,,5.5公里,2333公尺,神阿縱走.gpx
196,水漾森林、鹿屈山,196-1.jpg,擁有「水漾森林」如此夢幻之名的地方，是許多曾造訪過山友念念不忘的地方。水漾森林是因1999年的921大地震，地牛翻身令嘉義石鼓盤溪上游的河道受阻而形成的堰塞湖，原本生長在此的樹木被湖水包圍住，形成枯木立在湖中的夢幻奇景。不少人將水漾森林形容成「落入凡間的仙境」，隨著國民旅遊風氣日漸興盛，水漾森林已成為最熱門的登山路線之一，山徑沿途景致秀麗，山嵐縹緲，雲海浪湧，氣象萬千，但因往來腳程至少需兩天以上，進出山徑崎嶇難行，一再發生迷途待援事件，建議山友們可先評估自身能力再上山，以免因體力耗盡，而敗壞遊興。,擁有「水漾森林」如此夢幻之名的地方，是許多曾造訪過山友念念不忘的地方。,"第一天：仁亭登山口→(1.3k, 50分鐘)→林道交會點→(1.4k, 60分鐘)→鹿屈山前鋒→(2.6k, 70分鐘)→鹿屈山→(0.9k, 25分鐘)→土地公廟→(0.6k,15分鐘)→管護所→(3.2k, 85分鐘)→水漾森林(宿)",48,嘉義縣,阿里山鄉,2,1,5000,"1.水樣森林位於杉林溪森林生態園區內，進入園區需收費。園區門票為300元/人，小客車需收費100元/輛；遊園車單程40元/人，早上七點半首發。
 2.探訪水漾森林有多條路線：杉林溪鹿屈山線、亞杉坪林道線、豐山千人洞線、阿里山岷月線。其中杉林溪鹿屈山線路程雖遠，但沿途景觀美，生態豐富，值得一遊。
 3.鹿屈山屬阿里山山脈之中級山，北面有加走寮溪，南面則依石鼓盤溪，海拔為2288m，為溪頭四珠之首(四珠分別為：鹿屈山 、金柑樹山、鳳凰山 、樟空倫山 )。有些說法只列溪頭三珠，則不包括鹿屈山 。",,,10公里,2100公尺,水漾森林、鹿屈山.gpx
197,玉山西峰步道,197-1.jpg,"玉山西峰標高3518，位於玉山主峰西側，日治時期名為西山、新高西山，為台灣玉山山脈中的一座台灣百岳名峰。
 
 山頂寬闊平緩，冷杉、鐵杉覆滿山體，箭竹叢生，蓊鬱蒼翠，台灣登山家邢天正稱其為「天翠峰」，途中開闊處可眺望玉山風口與主峰、北峰。日治時期在山頂建有「西山神祠」，保留至今，是少數幾個保留完整的台灣高山神社遺址，為玉山西峰重要特色之一。
 
 攀登玉山西峰以安排二日為宜，亦可申請單日往返，但路程遙遠，需具備相當的體力。",玉山西峰標高3518，位於玉山主峰西側，日治時期名為西山、新高西山，為台灣玉山山脈中的一座台灣百岳名峰。,"第一天：塔塔加登山口→(5K, 130分鐘)→西峰下休憩亭→(3.5K, 90分鐘)→排雲山莊
 
 第二天：排雲山莊→(2.5K, 90分鐘)→玉山西峰→(2.5K, 70分鐘)→排雲山莊→(3.5K, 70分鐘)→西峰下休憩亭→(5K, 100分鐘)→塔塔加登山口",48,南投縣,信義鄉,2,0,5000,"1.玉山西峰二天行程者，行前須備妥相關資料，於預定入園前1個月至前2個月間，參加玉山國家公園管理處床位抽籤及入園申請，取得入園資格後再向警政單位辦理入山許可。
 
 2.單日往返玉山西峰行程者：
 A.申請期限為預定入園日前5天至前2個月，7:00 至 23:00，機關單位因公請於預定入園日前2個月來函申請。取得入園資格後再向警政單位辦理入山許可。
 B.每年1~3月及雪季管制期間，暫停玉山主(西)峰線單日往返入園活動。
 C.玉山線於下第1場大雪起，所核發之玉山主(西)峰線單日往返路線入園許可證廢止。
 D.申請資格：
 ‧一般個人或團體、機關單位。每隊1至12人，每日60人為原則。
 ‧領隊應為成年人，未成年隊員之家長同意書請親簽後於線上申請系統上傳(不需郵寄，請申請隊伍自行留存，必要時本處得收取正本)。
 ‧原則採網路申請，申請人/領隊請於申請前自行檢核所有隊員具備海拔3,000公尺以上登山經驗。
 
 3.入園當天應先向塔塔加警察小隊報到查驗名冊後，始可進入。",,,11公里,3518公尺,玉山西峰步道.gpx
198,笠頂山、真笠山、白賓山連走,198-1.jpg,"笠頂山、真笠山、白賓山位於屏東縣瑪家鄉，有別稱「瑪家三兄妹」。笠頂山為小百岳之熱門路線，白賓山步道寬大好走，鄰近沿山公路，交通便利，是大眾化路線，可依照自己的能力隨君搭配。
 
 真笠山位於笠頂山之東北方，白賓山的南方，山頂有二等三角點及水源界柱，可順登真笠山西南峰、真笠山東北峰，此行路線共可收集5顆三角點。
 
 由笠頂山上登，步道較為陡峭，沿途有幾處展望點，可俯瞰屏東平原稻田阡陌縱橫、眺望鱈葉根山、日湯真山、亞麻灣山、桑留守山、久保山等山巒層疊。真笠山可展望點可眺望尾寮山、大津山等。真笠山東北峰可眺望南大武山列。白賓山可展望德文山、大母母山及麻留賀山等，風光景致不在話下，途中有許多寬大平台可供休憩。",笠頂山、真笠山、白賓山位於屏東縣瑪家鄉，有別稱「瑪家三兄妹」。,"笠頂山四號登山口→(1.3K, 50分鐘)→笠頂稜線鞍部岔路→(0.4K, 10分鐘)→笠頂山→(2.1K, 50分鐘)→真笠西南峰(喀薩基山、涼山)→(2.1K, 70分鐘)→真笠山→(0.4K, 20分鐘)→真笠山東北峰→(0.6K, 15分鐘)→白賓山後山登山口→(2.4K, 70分鐘)→白賓山→(2.1K, 65分鐘)→白賓山前山登山口",5.83,屏東縣,瑪家鄉,2,1,780,,,,11.4公里,1200公尺,真笠山、真笠山東北峰、白賓山連走.gpx
199,烏山、刣牛湖山登山步道,199-1.jpg,"烏山登山步道介於高雄和台南兩市之間，北端登山口在台20線51.5K的下歸林雲山寺，南端登山口在台3省道398.5K的金馬寮，全長約13公里，大多沿著稜線而行，走完全程需八至十個小時。一路上東望中央山脈南段諸峰、西眺嘉南平原、北瞰南化及鏡面水庫，、南觀旗山和草山月世界，台三省道蜿蜒於腳下，不但能順撿一顆台灣小百岳「刣牛湖山」，冬季還有寒梅飄香，是南台灣著名的中海拔縱走路線。
 
 烏山登山步道由北往南會經過風空子山、噍吧哖抗日英雄紀念碑、烏山、刣牛湖山、梅園、金光山、石松子山、王爺崙山、龍鱗奇岩和長青嶺等地，由於路程較長，沒有交通工具接駁南北兩端登山口、或時間、體力有限的民眾，不妨選擇走一圈2.3公里的龍麟山環狀步道，順登有360度視野的王爺崙山；也可驅車前往厚德紫竹寺，左右各有一條步道通往烏山稜線中段的金光山，還能銜接龍湖寺和「烏山獼猴保護區」，完成一趟猴來居上、猿氣滿滿的旅程。",烏山登山步道由北往南會經過風空子山、噍吧哖抗日英雄紀念碑、烏山、刣牛湖山、梅園、金光山、石松子山、王爺崙山、龍鱗奇岩和長青嶺等地,"下歸林雲山寺登山口→（2K,70分鐘）→風空子山→（1.7K,60分鐘）→烏山→（1.3K,50分鐘）→刣牛湖山→（3K,100分鐘）→金光山→（1.5K,50分鐘）→石松子山→（1K,40分鐘）→王爺崙山→（0.3K,10分鐘）→龍麟岩→（2.2K,100分鐘）→金馬寮天后宮登山口",8,台南市,南化區,2,1,1000,"1.長青嶺南鞍下天后宮的水泥路有一段路況較差，且佈滿青苔，通過請小心。夏季縱走全段需補充水份和防曬，沿途皆有廁所或水源。
 
 2.龍麟山步道可由台三線387.8K處轉小路至停車場開始起登。若由台三線386公里處（南下左轉，北上右轉）循指標「金光山厚德．紫竹寺」即可抵達紫竹寺的停車場。
 
 3.台灣獼猴生性敏感，賞猴及餵食時，請保持距離並注意自身安全。",,,13公里,799公尺,烏山、刣牛湖山縱走.gpx
200,蘭潭環潭步道,200-1.jpg,"蘭潭位於嘉義市東北方丘陵地區，是嘉義市飲水灌溉的蓄水庫，藍綠色的湖水平靜清澈，在陽光照耀下閃閃發光，白天能見度好時，可以望見玉山山脈、阿里山山脈、大湖尖山、石壁山等，夕陽西下時，彩霞染紅天際與蘭潭，美艷動人，而蘭潭的月夜更是迷人，帶點朦朧宛如夢境，故有「蘭潭泛月」之美景，是嘉義八景之一。
 
 乘著傍晚微風，迎著落日餘輝，高大茂密的綠樹夾道，沿著環潭步道漫步，欣賞湖光山色，白鷺鷥潭中戲水，登上三信亭休憩，鳥瞰整座湖面美得令人陶醉，沿著周根公園、小公園的潭畔步道，行至緊鄰湖面的景觀台，視野絕佳，到了夜晚「月影潭心」的七彩燈光閃耀，又是一番迷人的夜景，以及每天定時的音樂噴泉水舞秀，將寧靜的夜晚帶入高潮。",夕陽西下時，彩霞染紅天際與蘭潭，美艷動人，而蘭潭的月夜更是迷人，帶點朦朧宛如夢境，故有「蘭潭泛月」之美景，是嘉義八景之一。,"環潭步道起點(蘭潭淨水場)→(0.2K, 3分鐘)→蘭潭觀景堤→(0.6K, 7分鐘)→三信觀景亭→(0.6K, 7分鐘)→月影潭心→(0.2K, 3分鐘)→根公園→(0.4K, 5分鐘)→小公園→(0.7K, 10分鐘)→賞景平台→(0.3K, 5分鐘)→環潭步道北入口→(2.5K, 30分鐘)→環潭步道起點(蘭潭淨水場)",1.17,嘉義市,東區,1,0,500,"1.在小雅路與環潭公路交叉路前80公尺，右邊小丘草地附近有一顆藍色的基石「水11」。
 
 2.蘭潭音樂噴泉展演時間：
 a.上半年(每年1月1日至6月30日)展演時間為：18:30、19:30、20:30、21：30
 b.下半年(每年7月1日至12月31日)展演時間為：19:30、20:30、21：30
 c.枯水期季節(每年4月1日至5月31日)及颱風季節(每年8月1日至10月31日)將視情況決定展演與否。",,,5.5公里,108公尺,蘭潭環湖步道.gpx